image_id,image_path,fitzpatrick_label
ISIC_0149568,data/raw/isic2020/train/ISIC_0149568.jpg,
ISIC_0188432,data/raw/isic2020/train/ISIC_0188432.jpg,
ISIC_0207268,data/raw/isic2020/train/ISIC_0207268.jpg,
ISIC_0232101,data/raw/isic2020/train/ISIC_0232101.jpg,
ISIC_0247330,data/raw/isic2020/train/ISIC_0247330.jpg,
ISIC_0250839,data/raw/isic2020/train/ISIC_0250839.jpg,
ISIC_0272509,data/raw/isic2020/train/ISIC_0272509.jpg,
ISIC_0273046,data/raw/isic2020/train/ISIC_0273046.jpg,
ISIC_0274382,data/raw/isic2020/train/ISIC_0274382.jpg,
ISIC_0275828,data/raw/isic2020/train/ISIC_0275828.jpg,
ISIC_0280912,data/raw/isic2020/train/ISIC_0280912.jpg,
ISIC_0286360,data/raw/isic2020/train/ISIC_0286360.jpg,
ISIC_0327406,data/raw/isic2020/train/ISIC_0327406.jpg,
ISIC_0333091,data/raw/isic2020/train/ISIC_0333091.jpg,
ISIC_0337631,data/raw/isic2020/train/ISIC_0337631.jpg,
ISIC_0351666,data/raw/isic2020/train/ISIC_0351666.jpg,
ISIC_0369831,data/raw/isic2020/train/ISIC_0369831.jpg,
ISIC_0489267,data/raw/isic2020/train/ISIC_0489267.jpg,
ISIC_0502582,data/raw/isic2020/train/ISIC_0502582.jpg,
ISIC_0504165,data/raw/isic2020/train/ISIC_0504165.jpg,
ISIC_0528044,data/raw/isic2020/train/ISIC_0528044.jpg,
ISIC_0533122,data/raw/isic2020/train/ISIC_0533122.jpg,
ISIC_0559335,data/raw/isic2020/train/ISIC_0559335.jpg,
ISIC_0572205,data/raw/isic2020/train/ISIC_0572205.jpg,
ISIC_0599605,data/raw/isic2020/train/ISIC_0599605.jpg,
ISIC_0624498,data/raw/isic2020/train/ISIC_0624498.jpg,
ISIC_0639769,data/raw/isic2020/train/ISIC_0639769.jpg,
ISIC_0645454,data/raw/isic2020/train/ISIC_0645454.jpg,
ISIC_0647224,data/raw/isic2020/train/ISIC_0647224.jpg,
ISIC_0662000,data/raw/isic2020/train/ISIC_0662000.jpg,
ISIC_0744013,data/raw/isic2020/train/ISIC_0744013.jpg,
ISIC_0779920,data/raw/isic2020/train/ISIC_0779920.jpg,
ISIC_0833889,data/raw/isic2020/train/ISIC_0833889.jpg,
ISIC_0844312,data/raw/isic2020/train/ISIC_0844312.jpg,
ISIC_0862745,data/raw/isic2020/train/ISIC_0862745.jpg,
ISIC_0911264,data/raw/isic2020/train/ISIC_0911264.jpg,
ISIC_0914168,data/raw/isic2020/train/ISIC_0914168.jpg,
ISIC_0924427,data/raw/isic2020/train/ISIC_0924427.jpg,
ISIC_0946787,data/raw/isic2020/train/ISIC_0946787.jpg,
ISIC_0952472,data/raw/isic2020/train/ISIC_0952472.jpg,
ISIC_0953317,data/raw/isic2020/train/ISIC_0953317.jpg,
ISIC_0961235,data/raw/isic2020/train/ISIC_0961235.jpg,
ISIC_0981639,data/raw/isic2020/train/ISIC_0981639.jpg,
ISIC_0986600,data/raw/isic2020/train/ISIC_0986600.jpg,
ISIC_1009042,data/raw/isic2020/train/ISIC_1009042.jpg,
ISIC_1037315,data/raw/isic2020/train/ISIC_1037315.jpg,
ISIC_1068686,data/raw/isic2020/train/ISIC_1068686.jpg,
ISIC_1071355,data/raw/isic2020/train/ISIC_1071355.jpg,
ISIC_1110583,data/raw/isic2020/train/ISIC_1110583.jpg,
ISIC_1113490,data/raw/isic2020/train/ISIC_1113490.jpg,
ISIC_1116483,data/raw/isic2020/train/ISIC_1116483.jpg,
ISIC_1124434,data/raw/isic2020/train/ISIC_1124434.jpg,
ISIC_1132496,data/raw/isic2020/train/ISIC_1132496.jpg,
ISIC_1157032,data/raw/isic2020/train/ISIC_1157032.jpg,
ISIC_1159891,data/raw/isic2020/train/ISIC_1159891.jpg,
ISIC_1162337,data/raw/isic2020/train/ISIC_1162337.jpg,
ISIC_1177153,data/raw/isic2020/train/ISIC_1177153.jpg,
ISIC_1177505,data/raw/isic2020/train/ISIC_1177505.jpg,
ISIC_1200192,data/raw/isic2020/train/ISIC_1200192.jpg,
ISIC_1210011,data/raw/isic2020/train/ISIC_1210011.jpg,
ISIC_1231419,data/raw/isic2020/train/ISIC_1231419.jpg,
ISIC_1241817,data/raw/isic2020/train/ISIC_1241817.jpg,
ISIC_1247683,data/raw/isic2020/train/ISIC_1247683.jpg,
ISIC_1255336,data/raw/isic2020/train/ISIC_1255336.jpg,
ISIC_1330008,data/raw/isic2020/train/ISIC_1330008.jpg,
ISIC_1356715,data/raw/isic2020/train/ISIC_1356715.jpg,
ISIC_1369967,data/raw/isic2020/train/ISIC_1369967.jpg,
ISIC_1375476,data/raw/isic2020/train/ISIC_1375476.jpg,
ISIC_1388552,data/raw/isic2020/train/ISIC_1388552.jpg,
ISIC_1393771,data/raw/isic2020/train/ISIC_1393771.jpg,
ISIC_1412843,data/raw/isic2020/train/ISIC_1412843.jpg,
ISIC_1440985,data/raw/isic2020/train/ISIC_1440985.jpg,
ISIC_1460932,data/raw/isic2020/train/ISIC_1460932.jpg,
ISIC_1473522,data/raw/isic2020/train/ISIC_1473522.jpg,
ISIC_1474461,data/raw/isic2020/train/ISIC_1474461.jpg,
ISIC_1484659,data/raw/isic2020/train/ISIC_1484659.jpg,
ISIC_1566428,data/raw/isic2020/train/ISIC_1566428.jpg,
ISIC_1569119,data/raw/isic2020/train/ISIC_1569119.jpg,
ISIC_1589997,data/raw/isic2020/train/ISIC_1589997.jpg,
ISIC_1605629,data/raw/isic2020/train/ISIC_1605629.jpg,
ISIC_1616031,data/raw/isic2020/train/ISIC_1616031.jpg,
ISIC_1620401,data/raw/isic2020/train/ISIC_1620401.jpg,
ISIC_1630301,data/raw/isic2020/train/ISIC_1630301.jpg,
ISIC_1654342,data/raw/isic2020/train/ISIC_1654342.jpg,
ISIC_1684127,data/raw/isic2020/train/ISIC_1684127.jpg,
ISIC_1698942,data/raw/isic2020/train/ISIC_1698942.jpg,
ISIC_1706912,data/raw/isic2020/train/ISIC_1706912.jpg,
ISIC_1728564,data/raw/isic2020/train/ISIC_1728564.jpg,
ISIC_1729223,data/raw/isic2020/train/ISIC_1729223.jpg,
ISIC_1752943,data/raw/isic2020/train/ISIC_1752943.jpg,
ISIC_1785627,data/raw/isic2020/train/ISIC_1785627.jpg,
ISIC_1797795,data/raw/isic2020/train/ISIC_1797795.jpg,
ISIC_1834920,data/raw/isic2020/train/ISIC_1834920.jpg,
ISIC_1866770,data/raw/isic2020/train/ISIC_1866770.jpg,
ISIC_1870415,data/raw/isic2020/train/ISIC_1870415.jpg,
ISIC_1881133,data/raw/isic2020/train/ISIC_1881133.jpg,
ISIC_1948545,data/raw/isic2020/train/ISIC_1948545.jpg,
ISIC_1952749,data/raw/isic2020/train/ISIC_1952749.jpg,
ISIC_1956504,data/raw/isic2020/train/ISIC_1956504.jpg,
ISIC_1959939,data/raw/isic2020/train/ISIC_1959939.jpg,
ISIC_1968421,data/raw/isic2020/train/ISIC_1968421.jpg,
ISIC_1975042,data/raw/isic2020/train/ISIC_1975042.jpg,
ISIC_2027582,data/raw/isic2020/train/ISIC_2027582.jpg,
ISIC_2033237,data/raw/isic2020/train/ISIC_2033237.jpg,
ISIC_2071966,data/raw/isic2020/train/ISIC_2071966.jpg,
ISIC_2072219,data/raw/isic2020/train/ISIC_2072219.jpg,
ISIC_2077116,data/raw/isic2020/train/ISIC_2077116.jpg,
ISIC_2101624,data/raw/isic2020/train/ISIC_2101624.jpg,
ISIC_2105563,data/raw/isic2020/train/ISIC_2105563.jpg,
ISIC_2141237,data/raw/isic2020/train/ISIC_2141237.jpg,
ISIC_2153401,data/raw/isic2020/train/ISIC_2153401.jpg,
ISIC_2153686,data/raw/isic2020/train/ISIC_2153686.jpg,
ISIC_2176112,data/raw/isic2020/train/ISIC_2176112.jpg,
ISIC_2182856,data/raw/isic2020/train/ISIC_2182856.jpg,
ISIC_2200197,data/raw/isic2020/train/ISIC_2200197.jpg,
ISIC_2212473,data/raw/isic2020/train/ISIC_2212473.jpg,
ISIC_2221217,data/raw/isic2020/train/ISIC_2221217.jpg,
ISIC_2232442,data/raw/isic2020/train/ISIC_2232442.jpg,
ISIC_2255411,data/raw/isic2020/train/ISIC_2255411.jpg,
ISIC_2268341,data/raw/isic2020/train/ISIC_2268341.jpg,
ISIC_2272218,data/raw/isic2020/train/ISIC_2272218.jpg,
ISIC_2306349,data/raw/isic2020/train/ISIC_2306349.jpg,
ISIC_2309744,data/raw/isic2020/train/ISIC_2309744.jpg,
ISIC_2311665,data/raw/isic2020/train/ISIC_2311665.jpg,
ISIC_2320481,data/raw/isic2020/train/ISIC_2320481.jpg,
ISIC_2337907,data/raw/isic2020/train/ISIC_2337907.jpg,
ISIC_2341875,data/raw/isic2020/train/ISIC_2341875.jpg,
ISIC_2342769,data/raw/isic2020/train/ISIC_2342769.jpg,
ISIC_2351999,data/raw/isic2020/train/ISIC_2351999.jpg,
ISIC_2358454,data/raw/isic2020/train/ISIC_2358454.jpg,
ISIC_2364150,data/raw/isic2020/train/ISIC_2364150.jpg,
ISIC_2406492,data/raw/isic2020/train/ISIC_2406492.jpg,
ISIC_2408815,data/raw/isic2020/train/ISIC_2408815.jpg,
ISIC_2412113,data/raw/isic2020/train/ISIC_2412113.jpg,
ISIC_2437633,data/raw/isic2020/train/ISIC_2437633.jpg,
ISIC_2447578,data/raw/isic2020/train/ISIC_2447578.jpg,
ISIC_2448123,data/raw/isic2020/train/ISIC_2448123.jpg,
ISIC_2481044,data/raw/isic2020/train/ISIC_2481044.jpg,
ISIC_2525084,data/raw/isic2020/train/ISIC_2525084.jpg,
ISIC_2535541,data/raw/isic2020/train/ISIC_2535541.jpg,
ISIC_2565206,data/raw/isic2020/train/ISIC_2565206.jpg,
ISIC_2607827,data/raw/isic2020/train/ISIC_2607827.jpg,
ISIC_2609984,data/raw/isic2020/train/ISIC_2609984.jpg,
ISIC_2637608,data/raw/isic2020/train/ISIC_2637608.jpg,
ISIC_2646829,data/raw/isic2020/train/ISIC_2646829.jpg,
ISIC_2668481,data/raw/isic2020/train/ISIC_2668481.jpg,
ISIC_2685593,data/raw/isic2020/train/ISIC_2685593.jpg,
ISIC_2697083,data/raw/isic2020/train/ISIC_2697083.jpg,
ISIC_2700320,data/raw/isic2020/train/ISIC_2700320.jpg,
ISIC_2720971,data/raw/isic2020/train/ISIC_2720971.jpg,
ISIC_2724529,data/raw/isic2020/train/ISIC_2724529.jpg,
ISIC_2739449,data/raw/isic2020/train/ISIC_2739449.jpg,
ISIC_2750230,data/raw/isic2020/train/ISIC_2750230.jpg,
ISIC_2757355,data/raw/isic2020/train/ISIC_2757355.jpg,
ISIC_2776906,data/raw/isic2020/train/ISIC_2776906.jpg,
ISIC_2787702,data/raw/isic2020/train/ISIC_2787702.jpg,
ISIC_2797353,data/raw/isic2020/train/ISIC_2797353.jpg,
ISIC_2822718,data/raw/isic2020/train/ISIC_2822718.jpg,
ISIC_2823287,data/raw/isic2020/train/ISIC_2823287.jpg,
ISIC_2837581,data/raw/isic2020/train/ISIC_2837581.jpg,
ISIC_2844539,data/raw/isic2020/train/ISIC_2844539.jpg,
ISIC_2871230,data/raw/isic2020/train/ISIC_2871230.jpg,
ISIC_2895555,data/raw/isic2020/train/ISIC_2895555.jpg,
ISIC_2937642,data/raw/isic2020/train/ISIC_2937642.jpg,
ISIC_2957732,data/raw/isic2020/train/ISIC_2957732.jpg,
ISIC_2967024,data/raw/isic2020/train/ISIC_2967024.jpg,
ISIC_2974214,data/raw/isic2020/train/ISIC_2974214.jpg,
ISIC_2975580,data/raw/isic2020/train/ISIC_2975580.jpg,
ISIC_2979268,data/raw/isic2020/train/ISIC_2979268.jpg,
ISIC_2987613,data/raw/isic2020/train/ISIC_2987613.jpg,
ISIC_3002956,data/raw/isic2020/train/ISIC_3002956.jpg,
ISIC_3009877,data/raw/isic2020/train/ISIC_3009877.jpg,
ISIC_3023646,data/raw/isic2020/train/ISIC_3023646.jpg,
ISIC_3025889,data/raw/isic2020/train/ISIC_3025889.jpg,
ISIC_3028754,data/raw/isic2020/train/ISIC_3028754.jpg,
ISIC_3065032,data/raw/isic2020/train/ISIC_3065032.jpg,
ISIC_3068885,data/raw/isic2020/train/ISIC_3068885.jpg,
ISIC_3084312,data/raw/isic2020/train/ISIC_3084312.jpg,
ISIC_3093026,data/raw/isic2020/train/ISIC_3093026.jpg,
ISIC_3097354,data/raw/isic2020/train/ISIC_3097354.jpg,
ISIC_3144222,data/raw/isic2020/train/ISIC_3144222.jpg,
ISIC_3159924,data/raw/isic2020/train/ISIC_3159924.jpg,
ISIC_3203344,data/raw/isic2020/train/ISIC_3203344.jpg,
ISIC_3207651,data/raw/isic2020/train/ISIC_3207651.jpg,
ISIC_3241636,data/raw/isic2020/train/ISIC_3241636.jpg,
ISIC_3244067,data/raw/isic2020/train/ISIC_3244067.jpg,
ISIC_3253484,data/raw/isic2020/train/ISIC_3253484.jpg,
ISIC_3286186,data/raw/isic2020/train/ISIC_3286186.jpg,
ISIC_3301933,data/raw/isic2020/train/ISIC_3301933.jpg,
ISIC_3319229,data/raw/isic2020/train/ISIC_3319229.jpg,
ISIC_3338629,data/raw/isic2020/train/ISIC_3338629.jpg,
ISIC_3341710,data/raw/isic2020/train/ISIC_3341710.jpg,
ISIC_3343475,data/raw/isic2020/train/ISIC_3343475.jpg,
ISIC_3359880,data/raw/isic2020/train/ISIC_3359880.jpg,
ISIC_3372750,data/raw/isic2020/train/ISIC_3372750.jpg,
ISIC_3391427,data/raw/isic2020/train/ISIC_3391427.jpg,
ISIC_3394520,data/raw/isic2020/train/ISIC_3394520.jpg,
ISIC_3399306,data/raw/isic2020/train/ISIC_3399306.jpg,
ISIC_3408231,data/raw/isic2020/train/ISIC_3408231.jpg,
ISIC_3416107,data/raw/isic2020/train/ISIC_3416107.jpg,
ISIC_3435596,data/raw/isic2020/train/ISIC_3435596.jpg,
ISIC_3436033,data/raw/isic2020/train/ISIC_3436033.jpg,
ISIC_3440759,data/raw/isic2020/train/ISIC_3440759.jpg,
ISIC_3446357,data/raw/isic2020/train/ISIC_3446357.jpg,
ISIC_3464344,data/raw/isic2020/train/ISIC_3464344.jpg,
ISIC_3475660,data/raw/isic2020/train/ISIC_3475660.jpg,
ISIC_3517311,data/raw/isic2020/train/ISIC_3517311.jpg,
ISIC_3561065,data/raw/isic2020/train/ISIC_3561065.jpg,
ISIC_3590167,data/raw/isic2020/train/ISIC_3590167.jpg,
ISIC_3673080,data/raw/isic2020/train/ISIC_3673080.jpg,
ISIC_3684488,data/raw/isic2020/train/ISIC_3684488.jpg,
ISIC_3696488,data/raw/isic2020/train/ISIC_3696488.jpg,
ISIC_3697702,data/raw/isic2020/train/ISIC_3697702.jpg,
ISIC_3733653,data/raw/isic2020/train/ISIC_3733653.jpg,
ISIC_3738751,data/raw/isic2020/train/ISIC_3738751.jpg,
ISIC_3775417,data/raw/isic2020/train/ISIC_3775417.jpg,
ISIC_3778192,data/raw/isic2020/train/ISIC_3778192.jpg,
ISIC_3817719,data/raw/isic2020/train/ISIC_3817719.jpg,
ISIC_3821242,data/raw/isic2020/train/ISIC_3821242.jpg,
ISIC_3824206,data/raw/isic2020/train/ISIC_3824206.jpg,
ISIC_3909039,data/raw/isic2020/train/ISIC_3909039.jpg,
ISIC_3915890,data/raw/isic2020/train/ISIC_3915890.jpg,
ISIC_3936223,data/raw/isic2020/train/ISIC_3936223.jpg,
ISIC_3941123,data/raw/isic2020/train/ISIC_3941123.jpg,
ISIC_3944634,data/raw/isic2020/train/ISIC_3944634.jpg,
ISIC_3963183,data/raw/isic2020/train/ISIC_3963183.jpg,
ISIC_3965087,data/raw/isic2020/train/ISIC_3965087.jpg,
ISIC_3969411,data/raw/isic2020/train/ISIC_3969411.jpg,
ISIC_3976496,data/raw/isic2020/train/ISIC_3976496.jpg,
ISIC_3979826,data/raw/isic2020/train/ISIC_3979826.jpg,
ISIC_3985031,data/raw/isic2020/train/ISIC_3985031.jpg,
ISIC_3993924,data/raw/isic2020/train/ISIC_3993924.jpg,
ISIC_3996796,data/raw/isic2020/train/ISIC_3996796.jpg,
ISIC_4000481,data/raw/isic2020/train/ISIC_4000481.jpg,
ISIC_4009870,data/raw/isic2020/train/ISIC_4009870.jpg,
ISIC_4012047,data/raw/isic2020/train/ISIC_4012047.jpg,
ISIC_4120174,data/raw/isic2020/train/ISIC_4120174.jpg,
ISIC_4163686,data/raw/isic2020/train/ISIC_4163686.jpg,
ISIC_4170698,data/raw/isic2020/train/ISIC_4170698.jpg,
ISIC_4223155,data/raw/isic2020/train/ISIC_4223155.jpg,
ISIC_4229473,data/raw/isic2020/train/ISIC_4229473.jpg,
ISIC_4230049,data/raw/isic2020/train/ISIC_4230049.jpg,
ISIC_4266533,data/raw/isic2020/train/ISIC_4266533.jpg,
ISIC_4276255,data/raw/isic2020/train/ISIC_4276255.jpg,
ISIC_4346693,data/raw/isic2020/train/ISIC_4346693.jpg,
ISIC_4362713,data/raw/isic2020/train/ISIC_4362713.jpg,
ISIC_4377208,data/raw/isic2020/train/ISIC_4377208.jpg,
ISIC_4378189,data/raw/isic2020/train/ISIC_4378189.jpg,
ISIC_4398011,data/raw/isic2020/train/ISIC_4398011.jpg,
ISIC_4404772,data/raw/isic2020/train/ISIC_4404772.jpg,
ISIC_4408559,data/raw/isic2020/train/ISIC_4408559.jpg,
ISIC_4425322,data/raw/isic2020/train/ISIC_4425322.jpg,
ISIC_4425657,data/raw/isic2020/train/ISIC_4425657.jpg,
ISIC_4439054,data/raw/isic2020/train/ISIC_4439054.jpg,
ISIC_4469476,data/raw/isic2020/train/ISIC_4469476.jpg,
ISIC_4493482,data/raw/isic2020/train/ISIC_4493482.jpg,
ISIC_4508878,data/raw/isic2020/train/ISIC_4508878.jpg,
ISIC_4517738,data/raw/isic2020/train/ISIC_4517738.jpg,
ISIC_4523238,data/raw/isic2020/train/ISIC_4523238.jpg,
ISIC_4523382,data/raw/isic2020/train/ISIC_4523382.jpg,
ISIC_4525317,data/raw/isic2020/train/ISIC_4525317.jpg,
ISIC_4584265,data/raw/isic2020/train/ISIC_4584265.jpg,
ISIC_4619789,data/raw/isic2020/train/ISIC_4619789.jpg,
ISIC_4619903,data/raw/isic2020/train/ISIC_4619903.jpg,
ISIC_4649440,data/raw/isic2020/train/ISIC_4649440.jpg,
ISIC_4653503,data/raw/isic2020/train/ISIC_4653503.jpg,
ISIC_4676270,data/raw/isic2020/train/ISIC_4676270.jpg,
ISIC_4730066,data/raw/isic2020/train/ISIC_4730066.jpg,
ISIC_4810142,data/raw/isic2020/train/ISIC_4810142.jpg,
ISIC_4842587,data/raw/isic2020/train/ISIC_4842587.jpg,
ISIC_4851366,data/raw/isic2020/train/ISIC_4851366.jpg,
ISIC_4874581,data/raw/isic2020/train/ISIC_4874581.jpg,
ISIC_4916704,data/raw/isic2020/train/ISIC_4916704.jpg,
ISIC_4936662,data/raw/isic2020/train/ISIC_4936662.jpg,
ISIC_4938994,data/raw/isic2020/train/ISIC_4938994.jpg,
ISIC_4960784,data/raw/isic2020/train/ISIC_4960784.jpg,
ISIC_4960802,data/raw/isic2020/train/ISIC_4960802.jpg,
ISIC_4967564,data/raw/isic2020/train/ISIC_4967564.jpg,
ISIC_4967586,data/raw/isic2020/train/ISIC_4967586.jpg,
ISIC_4980656,data/raw/isic2020/train/ISIC_4980656.jpg,
ISIC_5021861,data/raw/isic2020/train/ISIC_5021861.jpg,
ISIC_5037784,data/raw/isic2020/train/ISIC_5037784.jpg,
ISIC_5044438,data/raw/isic2020/train/ISIC_5044438.jpg,
ISIC_5045600,data/raw/isic2020/train/ISIC_5045600.jpg,
ISIC_5046082,data/raw/isic2020/train/ISIC_5046082.jpg,
ISIC_5084113,data/raw/isic2020/train/ISIC_5084113.jpg,
ISIC_5086349,data/raw/isic2020/train/ISIC_5086349.jpg,
ISIC_5137933,data/raw/isic2020/train/ISIC_5137933.jpg,
ISIC_5140952,data/raw/isic2020/train/ISIC_5140952.jpg,
ISIC_5147292,data/raw/isic2020/train/ISIC_5147292.jpg,
ISIC_5166798,data/raw/isic2020/train/ISIC_5166798.jpg,
ISIC_5167209,data/raw/isic2020/train/ISIC_5167209.jpg,
ISIC_5191344,data/raw/isic2020/train/ISIC_5191344.jpg,
ISIC_5216586,data/raw/isic2020/train/ISIC_5216586.jpg,
ISIC_5247508,data/raw/isic2020/train/ISIC_5247508.jpg,
ISIC_5247560,data/raw/isic2020/train/ISIC_5247560.jpg,
ISIC_5258657,data/raw/isic2020/train/ISIC_5258657.jpg,
ISIC_5260050,data/raw/isic2020/train/ISIC_5260050.jpg,
ISIC_5267208,data/raw/isic2020/train/ISIC_5267208.jpg,
ISIC_5272223,data/raw/isic2020/train/ISIC_5272223.jpg,
ISIC_5315062,data/raw/isic2020/train/ISIC_5315062.jpg,
ISIC_5331102,data/raw/isic2020/train/ISIC_5331102.jpg,
ISIC_5343231,data/raw/isic2020/train/ISIC_5343231.jpg,
ISIC_5365617,data/raw/isic2020/train/ISIC_5365617.jpg,
ISIC_5369000,data/raw/isic2020/train/ISIC_5369000.jpg,
ISIC_5388184,data/raw/isic2020/train/ISIC_5388184.jpg,
ISIC_5391758,data/raw/isic2020/train/ISIC_5391758.jpg,
ISIC_5415761,data/raw/isic2020/train/ISIC_5415761.jpg,
ISIC_5425721,data/raw/isic2020/train/ISIC_5425721.jpg,
ISIC_5434661,data/raw/isic2020/train/ISIC_5434661.jpg,
ISIC_5495413,data/raw/isic2020/train/ISIC_5495413.jpg,
ISIC_5527224,data/raw/isic2020/train/ISIC_5527224.jpg,
ISIC_5533992,data/raw/isic2020/train/ISIC_5533992.jpg,
ISIC_5561003,data/raw/isic2020/train/ISIC_5561003.jpg,
ISIC_5576354,data/raw/isic2020/train/ISIC_5576354.jpg,
ISIC_5581297,data/raw/isic2020/train/ISIC_5581297.jpg,
ISIC_5581931,data/raw/isic2020/train/ISIC_5581931.jpg,
ISIC_5602826,data/raw/isic2020/train/ISIC_5602826.jpg,
ISIC_5642824,data/raw/isic2020/train/ISIC_5642824.jpg,
ISIC_5667461,data/raw/isic2020/train/ISIC_5667461.jpg,
ISIC_5673518,data/raw/isic2020/train/ISIC_5673518.jpg,
ISIC_5714411,data/raw/isic2020/train/ISIC_5714411.jpg,
ISIC_5732201,data/raw/isic2020/train/ISIC_5732201.jpg,
ISIC_5733748,data/raw/isic2020/train/ISIC_5733748.jpg,
ISIC_5747486,data/raw/isic2020/train/ISIC_5747486.jpg,
ISIC_5747942,data/raw/isic2020/train/ISIC_5747942.jpg,
ISIC_5758388,data/raw/isic2020/train/ISIC_5758388.jpg,
ISIC_5797062,data/raw/isic2020/train/ISIC_5797062.jpg,
ISIC_5829938,data/raw/isic2020/train/ISIC_5829938.jpg,
ISIC_5867911,data/raw/isic2020/train/ISIC_5867911.jpg,
ISIC_5868291,data/raw/isic2020/train/ISIC_5868291.jpg,
ISIC_5869480,data/raw/isic2020/train/ISIC_5869480.jpg,
ISIC_5891384,data/raw/isic2020/train/ISIC_5891384.jpg,
ISIC_5922588,data/raw/isic2020/train/ISIC_5922588.jpg,
ISIC_5983500,data/raw/isic2020/train/ISIC_5983500.jpg,
ISIC_6017985,data/raw/isic2020/train/ISIC_6017985.jpg,
ISIC_6024335,data/raw/isic2020/train/ISIC_6024335.jpg,
ISIC_6056121,data/raw/isic2020/train/ISIC_6056121.jpg,
ISIC_6089318,data/raw/isic2020/train/ISIC_6089318.jpg,
ISIC_6110888,data/raw/isic2020/train/ISIC_6110888.jpg,
ISIC_6124481,data/raw/isic2020/train/ISIC_6124481.jpg,
ISIC_6125652,data/raw/isic2020/train/ISIC_6125652.jpg,
ISIC_6220625,data/raw/isic2020/train/ISIC_6220625.jpg,
ISIC_6228963,data/raw/isic2020/train/ISIC_6228963.jpg,
ISIC_6248008,data/raw/isic2020/train/ISIC_6248008.jpg,
ISIC_6251753,data/raw/isic2020/train/ISIC_6251753.jpg,
ISIC_6255113,data/raw/isic2020/train/ISIC_6255113.jpg,
ISIC_6269166,data/raw/isic2020/train/ISIC_6269166.jpg,
ISIC_6278273,data/raw/isic2020/train/ISIC_6278273.jpg,
ISIC_6285925,data/raw/isic2020/train/ISIC_6285925.jpg,
ISIC_6303107,data/raw/isic2020/train/ISIC_6303107.jpg,
ISIC_6313487,data/raw/isic2020/train/ISIC_6313487.jpg,
ISIC_6348638,data/raw/isic2020/train/ISIC_6348638.jpg,
ISIC_6352565,data/raw/isic2020/train/ISIC_6352565.jpg,
ISIC_6355353,data/raw/isic2020/train/ISIC_6355353.jpg,
ISIC_6392461,data/raw/isic2020/train/ISIC_6392461.jpg,
ISIC_6398283,data/raw/isic2020/train/ISIC_6398283.jpg,
ISIC_6398669,data/raw/isic2020/train/ISIC_6398669.jpg,
ISIC_6404049,data/raw/isic2020/train/ISIC_6404049.jpg,
ISIC_6450034,data/raw/isic2020/train/ISIC_6450034.jpg,
ISIC_6496251,data/raw/isic2020/train/ISIC_6496251.jpg,
ISIC_6496370,data/raw/isic2020/train/ISIC_6496370.jpg,
ISIC_6509682,data/raw/isic2020/train/ISIC_6509682.jpg,
ISIC_6512653,data/raw/isic2020/train/ISIC_6512653.jpg,
ISIC_6516710,data/raw/isic2020/train/ISIC_6516710.jpg,
ISIC_6526489,data/raw/isic2020/train/ISIC_6526489.jpg,
ISIC_6535558,data/raw/isic2020/train/ISIC_6535558.jpg,
ISIC_6539127,data/raw/isic2020/train/ISIC_6539127.jpg,
ISIC_6541615,data/raw/isic2020/train/ISIC_6541615.jpg,
ISIC_6555290,data/raw/isic2020/train/ISIC_6555290.jpg,
ISIC_6561111,data/raw/isic2020/train/ISIC_6561111.jpg,
ISIC_6581411,data/raw/isic2020/train/ISIC_6581411.jpg,
ISIC_6584579,data/raw/isic2020/train/ISIC_6584579.jpg,
ISIC_6613150,data/raw/isic2020/train/ISIC_6613150.jpg,
ISIC_6620377,data/raw/isic2020/train/ISIC_6620377.jpg,
ISIC_6625102,data/raw/isic2020/train/ISIC_6625102.jpg,
ISIC_6634951,data/raw/isic2020/train/ISIC_6634951.jpg,
ISIC_6671773,data/raw/isic2020/train/ISIC_6671773.jpg,
ISIC_6688417,data/raw/isic2020/train/ISIC_6688417.jpg,
ISIC_6692344,data/raw/isic2020/train/ISIC_6692344.jpg,
ISIC_6695831,data/raw/isic2020/train/ISIC_6695831.jpg,
ISIC_6713432,data/raw/isic2020/train/ISIC_6713432.jpg,
ISIC_6714082,data/raw/isic2020/train/ISIC_6714082.jpg,
ISIC_6767569,data/raw/isic2020/train/ISIC_6767569.jpg,
ISIC_6784593,data/raw/isic2020/train/ISIC_6784593.jpg,
ISIC_6785680,data/raw/isic2020/train/ISIC_6785680.jpg,
ISIC_6786198,data/raw/isic2020/train/ISIC_6786198.jpg,
ISIC_6809586,data/raw/isic2020/train/ISIC_6809586.jpg,
ISIC_6829008,data/raw/isic2020/train/ISIC_6829008.jpg,
ISIC_6841294,data/raw/isic2020/train/ISIC_6841294.jpg,
ISIC_6851408,data/raw/isic2020/train/ISIC_6851408.jpg,
ISIC_6904082,data/raw/isic2020/train/ISIC_6904082.jpg,
ISIC_6927840,data/raw/isic2020/train/ISIC_6927840.jpg,
ISIC_6931277,data/raw/isic2020/train/ISIC_6931277.jpg,
ISIC_6945634,data/raw/isic2020/train/ISIC_6945634.jpg,
ISIC_6961503,data/raw/isic2020/train/ISIC_6961503.jpg,
ISIC_6966001,data/raw/isic2020/train/ISIC_6966001.jpg,
ISIC_6971606,data/raw/isic2020/train/ISIC_6971606.jpg,
ISIC_6982386,data/raw/isic2020/train/ISIC_6982386.jpg,
ISIC_7035246,data/raw/isic2020/train/ISIC_7035246.jpg,
ISIC_7070020,data/raw/isic2020/train/ISIC_7070020.jpg,
ISIC_7074321,data/raw/isic2020/train/ISIC_7074321.jpg,
ISIC_7075474,data/raw/isic2020/train/ISIC_7075474.jpg,
ISIC_7079349,data/raw/isic2020/train/ISIC_7079349.jpg,
ISIC_7084553,data/raw/isic2020/train/ISIC_7084553.jpg,
ISIC_7098141,data/raw/isic2020/train/ISIC_7098141.jpg,
ISIC_7100755,data/raw/isic2020/train/ISIC_7100755.jpg,
ISIC_7101732,data/raw/isic2020/train/ISIC_7101732.jpg,
ISIC_7130929,data/raw/isic2020/train/ISIC_7130929.jpg,
ISIC_7181296,data/raw/isic2020/train/ISIC_7181296.jpg,
ISIC_7183212,data/raw/isic2020/train/ISIC_7183212.jpg,
ISIC_7190243,data/raw/isic2020/train/ISIC_7190243.jpg,
ISIC_7205745,data/raw/isic2020/train/ISIC_7205745.jpg,
ISIC_7218890,data/raw/isic2020/train/ISIC_7218890.jpg,
ISIC_7233368,data/raw/isic2020/train/ISIC_7233368.jpg,
ISIC_7242384,data/raw/isic2020/train/ISIC_7242384.jpg,
ISIC_7253401,data/raw/isic2020/train/ISIC_7253401.jpg,
ISIC_7261174,data/raw/isic2020/train/ISIC_7261174.jpg,
ISIC_7265673,data/raw/isic2020/train/ISIC_7265673.jpg,
ISIC_7287303,data/raw/isic2020/train/ISIC_7287303.jpg,
ISIC_7293518,data/raw/isic2020/train/ISIC_7293518.jpg,
ISIC_7295035,data/raw/isic2020/train/ISIC_7295035.jpg,
ISIC_7312977,data/raw/isic2020/train/ISIC_7312977.jpg,
ISIC_7320371,data/raw/isic2020/train/ISIC_7320371.jpg,
ISIC_7327423,data/raw/isic2020/train/ISIC_7327423.jpg,
ISIC_7346228,data/raw/isic2020/train/ISIC_7346228.jpg,
ISIC_7346739,data/raw/isic2020/train/ISIC_7346739.jpg,
ISIC_7349772,data/raw/isic2020/train/ISIC_7349772.jpg,
ISIC_7371801,data/raw/isic2020/train/ISIC_7371801.jpg,
ISIC_7372719,data/raw/isic2020/train/ISIC_7372719.jpg,
ISIC_7410175,data/raw/isic2020/train/ISIC_7410175.jpg,
ISIC_7460887,data/raw/isic2020/train/ISIC_7460887.jpg,
ISIC_7466678,data/raw/isic2020/train/ISIC_7466678.jpg,
ISIC_7489564,data/raw/isic2020/train/ISIC_7489564.jpg,
ISIC_7503950,data/raw/isic2020/train/ISIC_7503950.jpg,
ISIC_7520843,data/raw/isic2020/train/ISIC_7520843.jpg,
ISIC_7536704,data/raw/isic2020/train/ISIC_7536704.jpg,
ISIC_7546219,data/raw/isic2020/train/ISIC_7546219.jpg,
ISIC_7577395,data/raw/isic2020/train/ISIC_7577395.jpg,
ISIC_7612992,data/raw/isic2020/train/ISIC_7612992.jpg,
ISIC_7614221,data/raw/isic2020/train/ISIC_7614221.jpg,
ISIC_7626256,data/raw/isic2020/train/ISIC_7626256.jpg,
ISIC_7658729,data/raw/isic2020/train/ISIC_7658729.jpg,
ISIC_7662910,data/raw/isic2020/train/ISIC_7662910.jpg,
ISIC_7680948,data/raw/isic2020/train/ISIC_7680948.jpg,
ISIC_7693611,data/raw/isic2020/train/ISIC_7693611.jpg,
ISIC_7724762,data/raw/isic2020/train/ISIC_7724762.jpg,
ISIC_7730937,data/raw/isic2020/train/ISIC_7730937.jpg,
ISIC_7748311,data/raw/isic2020/train/ISIC_7748311.jpg,
ISIC_7763042,data/raw/isic2020/train/ISIC_7763042.jpg,
ISIC_7785723,data/raw/isic2020/train/ISIC_7785723.jpg,
ISIC_7788318,data/raw/isic2020/train/ISIC_7788318.jpg,
ISIC_7800750,data/raw/isic2020/train/ISIC_7800750.jpg,
ISIC_7844825,data/raw/isic2020/train/ISIC_7844825.jpg,
ISIC_7872595,data/raw/isic2020/train/ISIC_7872595.jpg,
ISIC_7897925,data/raw/isic2020/train/ISIC_7897925.jpg,
ISIC_7914631,data/raw/isic2020/train/ISIC_7914631.jpg,
ISIC_7927525,data/raw/isic2020/train/ISIC_7927525.jpg,
ISIC_7936755,data/raw/isic2020/train/ISIC_7936755.jpg,
ISIC_7939816,data/raw/isic2020/train/ISIC_7939816.jpg,
ISIC_7948290,data/raw/isic2020/train/ISIC_7948290.jpg,
ISIC_7960321,data/raw/isic2020/train/ISIC_7960321.jpg,
ISIC_7960869,data/raw/isic2020/train/ISIC_7960869.jpg,
ISIC_7961365,data/raw/isic2020/train/ISIC_7961365.jpg,
ISIC_7973598,data/raw/isic2020/train/ISIC_7973598.jpg,
ISIC_8002875,data/raw/isic2020/train/ISIC_8002875.jpg,
ISIC_8006211,data/raw/isic2020/train/ISIC_8006211.jpg,
ISIC_8009536,data/raw/isic2020/train/ISIC_8009536.jpg,
ISIC_8011058,data/raw/isic2020/train/ISIC_8011058.jpg,
ISIC_8027899,data/raw/isic2020/train/ISIC_8027899.jpg,
ISIC_8040024,data/raw/isic2020/train/ISIC_8040024.jpg,
ISIC_8052769,data/raw/isic2020/train/ISIC_8052769.jpg,
ISIC_8066110,data/raw/isic2020/train/ISIC_8066110.jpg,
ISIC_8068693,data/raw/isic2020/train/ISIC_8068693.jpg,
ISIC_8106899,data/raw/isic2020/train/ISIC_8106899.jpg,
ISIC_8124900,data/raw/isic2020/train/ISIC_8124900.jpg,
ISIC_8133350,data/raw/isic2020/train/ISIC_8133350.jpg,
ISIC_8145348,data/raw/isic2020/train/ISIC_8145348.jpg,
ISIC_8157654,data/raw/isic2020/train/ISIC_8157654.jpg,
ISIC_8167374,data/raw/isic2020/train/ISIC_8167374.jpg,
ISIC_8175453,data/raw/isic2020/train/ISIC_8175453.jpg,
ISIC_8194835,data/raw/isic2020/train/ISIC_8194835.jpg,
ISIC_8207974,data/raw/isic2020/train/ISIC_8207974.jpg,
ISIC_8230318,data/raw/isic2020/train/ISIC_8230318.jpg,
ISIC_8231999,data/raw/isic2020/train/ISIC_8231999.jpg,
ISIC_8249854,data/raw/isic2020/train/ISIC_8249854.jpg,
ISIC_8252406,data/raw/isic2020/train/ISIC_8252406.jpg,
ISIC_8263489,data/raw/isic2020/train/ISIC_8263489.jpg,
ISIC_8281208,data/raw/isic2020/train/ISIC_8281208.jpg,
ISIC_8306697,data/raw/isic2020/train/ISIC_8306697.jpg,
ISIC_8325226,data/raw/isic2020/train/ISIC_8325226.jpg,
ISIC_8355446,data/raw/isic2020/train/ISIC_8355446.jpg,
ISIC_8379956,data/raw/isic2020/train/ISIC_8379956.jpg,
ISIC_8381531,data/raw/isic2020/train/ISIC_8381531.jpg,
ISIC_8397285,data/raw/isic2020/train/ISIC_8397285.jpg,
ISIC_8414609,data/raw/isic2020/train/ISIC_8414609.jpg,
ISIC_8417873,data/raw/isic2020/train/ISIC_8417873.jpg,
ISIC_8437493,data/raw/isic2020/train/ISIC_8437493.jpg,
ISIC_8450656,data/raw/isic2020/train/ISIC_8450656.jpg,
ISIC_8483382,data/raw/isic2020/train/ISIC_8483382.jpg,
ISIC_8485716,data/raw/isic2020/train/ISIC_8485716.jpg,
ISIC_8493108,data/raw/isic2020/train/ISIC_8493108.jpg,
ISIC_8496052,data/raw/isic2020/train/ISIC_8496052.jpg,
ISIC_8497457,data/raw/isic2020/train/ISIC_8497457.jpg,
ISIC_8509577,data/raw/isic2020/train/ISIC_8509577.jpg,
ISIC_8521610,data/raw/isic2020/train/ISIC_8521610.jpg,
ISIC_8527092,data/raw/isic2020/train/ISIC_8527092.jpg,
ISIC_8545949,data/raw/isic2020/train/ISIC_8545949.jpg,
ISIC_8564474,data/raw/isic2020/train/ISIC_8564474.jpg,
ISIC_8566006,data/raw/isic2020/train/ISIC_8566006.jpg,
ISIC_8609756,data/raw/isic2020/train/ISIC_8609756.jpg,
ISIC_8615491,data/raw/isic2020/train/ISIC_8615491.jpg,
ISIC_8617277,data/raw/isic2020/train/ISIC_8617277.jpg,
ISIC_8621568,data/raw/isic2020/train/ISIC_8621568.jpg,
ISIC_8672524,data/raw/isic2020/train/ISIC_8672524.jpg,
ISIC_8677053,data/raw/isic2020/train/ISIC_8677053.jpg,
ISIC_8692218,data/raw/isic2020/train/ISIC_8692218.jpg,
ISIC_8702237,data/raw/isic2020/train/ISIC_8702237.jpg,
ISIC_8724944,data/raw/isic2020/train/ISIC_8724944.jpg,
ISIC_8732757,data/raw/isic2020/train/ISIC_8732757.jpg,
ISIC_8737794,data/raw/isic2020/train/ISIC_8737794.jpg,
ISIC_8789051,data/raw/isic2020/train/ISIC_8789051.jpg,
ISIC_8838753,data/raw/isic2020/train/ISIC_8838753.jpg,
ISIC_8859274,data/raw/isic2020/train/ISIC_8859274.jpg,
ISIC_8866651,data/raw/isic2020/train/ISIC_8866651.jpg,
ISIC_8872158,data/raw/isic2020/train/ISIC_8872158.jpg,
ISIC_8882374,data/raw/isic2020/train/ISIC_8882374.jpg,
ISIC_8892236,data/raw/isic2020/train/ISIC_8892236.jpg,
ISIC_8922893,data/raw/isic2020/train/ISIC_8922893.jpg,
ISIC_8951909,data/raw/isic2020/train/ISIC_8951909.jpg,
ISIC_8985109,data/raw/isic2020/train/ISIC_8985109.jpg,
ISIC_9000234,data/raw/isic2020/train/ISIC_9000234.jpg,
ISIC_9000824,data/raw/isic2020/train/ISIC_9000824.jpg,
ISIC_9001948,data/raw/isic2020/train/ISIC_9001948.jpg,
ISIC_9012513,data/raw/isic2020/train/ISIC_9012513.jpg,
ISIC_9022005,data/raw/isic2020/train/ISIC_9022005.jpg,
ISIC_9038318,data/raw/isic2020/train/ISIC_9038318.jpg,
ISIC_9048507,data/raw/isic2020/train/ISIC_9048507.jpg,
ISIC_9052500,data/raw/isic2020/train/ISIC_9052500.jpg,
ISIC_9053910,data/raw/isic2020/train/ISIC_9053910.jpg,
ISIC_9124447,data/raw/isic2020/train/ISIC_9124447.jpg,
ISIC_9130157,data/raw/isic2020/train/ISIC_9130157.jpg,
ISIC_9164054,data/raw/isic2020/train/ISIC_9164054.jpg,
ISIC_9174306,data/raw/isic2020/train/ISIC_9174306.jpg,
ISIC_9193127,data/raw/isic2020/train/ISIC_9193127.jpg,
ISIC_9199429,data/raw/isic2020/train/ISIC_9199429.jpg,
ISIC_9210255,data/raw/isic2020/train/ISIC_9210255.jpg,
ISIC_9228573,data/raw/isic2020/train/ISIC_9228573.jpg,
ISIC_9268487,data/raw/isic2020/train/ISIC_9268487.jpg,
ISIC_9286292,data/raw/isic2020/train/ISIC_9286292.jpg,
ISIC_9312164,data/raw/isic2020/train/ISIC_9312164.jpg,
ISIC_9317483,data/raw/isic2020/train/ISIC_9317483.jpg,
ISIC_9351516,data/raw/isic2020/train/ISIC_9351516.jpg,
ISIC_9367522,data/raw/isic2020/train/ISIC_9367522.jpg,
ISIC_9402324,data/raw/isic2020/train/ISIC_9402324.jpg,
ISIC_9509757,data/raw/isic2020/train/ISIC_9509757.jpg,
ISIC_9544832,data/raw/isic2020/train/ISIC_9544832.jpg,
ISIC_9547725,data/raw/isic2020/train/ISIC_9547725.jpg,
ISIC_9548821,data/raw/isic2020/train/ISIC_9548821.jpg,
ISIC_9556334,data/raw/isic2020/train/ISIC_9556334.jpg,
ISIC_9571842,data/raw/isic2020/train/ISIC_9571842.jpg,
ISIC_9579703,data/raw/isic2020/train/ISIC_9579703.jpg,
ISIC_9583969,data/raw/isic2020/train/ISIC_9583969.jpg,
ISIC_9585329,data/raw/isic2020/train/ISIC_9585329.jpg,
ISIC_9593940,data/raw/isic2020/train/ISIC_9593940.jpg,
ISIC_9596721,data/raw/isic2020/train/ISIC_9596721.jpg,
ISIC_9612481,data/raw/isic2020/train/ISIC_9612481.jpg,
ISIC_9626843,data/raw/isic2020/train/ISIC_9626843.jpg,
ISIC_9677503,data/raw/isic2020/train/ISIC_9677503.jpg,
ISIC_9685931,data/raw/isic2020/train/ISIC_9685931.jpg,
ISIC_9754098,data/raw/isic2020/train/ISIC_9754098.jpg,
ISIC_9770677,data/raw/isic2020/train/ISIC_9770677.jpg,
ISIC_9785077,data/raw/isic2020/train/ISIC_9785077.jpg,
ISIC_9821002,data/raw/isic2020/train/ISIC_9821002.jpg,
ISIC_9828846,data/raw/isic2020/train/ISIC_9828846.jpg,
ISIC_9863642,data/raw/isic2020/train/ISIC_9863642.jpg,
ISIC_9870885,data/raw/isic2020/train/ISIC_9870885.jpg,
ISIC_9900191,data/raw/isic2020/train/ISIC_9900191.jpg,
ISIC_9910791,data/raw/isic2020/train/ISIC_9910791.jpg,
ISIC_9955163,data/raw/isic2020/train/ISIC_9955163.jpg,
ISIC_9963177,data/raw/isic2020/train/ISIC_9963177.jpg,
ISIC_9967383,data/raw/isic2020/train/ISIC_9967383.jpg,
ISIC_9978107,data/raw/isic2020/train/ISIC_9978107.jpg,
ISIC_9998682,data/raw/isic2020/train/ISIC_9998682.jpg,
b87804452f60aa162a6d29c0f66a2466,data/raw/fitzpatrick17k/data/b87804452f60aa162a6d29c0f66a2466.jpg,2
4c3f795cf8eb72b946f9bd2642cf23c1,data/raw/fitzpatrick17k/data/4c3f795cf8eb72b946f9bd2642cf23c1.jpg,6
81c007db8cc1bc57cb08bcc00dda653b,data/raw/fitzpatrick17k/data/81c007db8cc1bc57cb08bcc00dda653b.jpg,2
bb6e7390c63e78607a7308076972713a,data/raw/fitzpatrick17k/data/bb6e7390c63e78607a7308076972713a.jpg,2
2004c88f0aba56122257c4f71e67c719,data/raw/fitzpatrick17k/data/2004c88f0aba56122257c4f71e67c719.jpg,3
bb2e052ba0951cf787b9e831ab2a5b10,data/raw/fitzpatrick17k/data/bb2e052ba0951cf787b9e831ab2a5b10.jpg,1
22f13657c4a6b4a3fc6ea06d313c3725,data/raw/fitzpatrick17k/data/22f13657c4a6b4a3fc6ea06d313c3725.jpg,3
becab807bbe933d1a5e84f378dfc083f,data/raw/fitzpatrick17k/data/becab807bbe933d1a5e84f378dfc083f.jpg,4
480fd80167d7865ce9aafe14aba4ec9d,data/raw/fitzpatrick17k/data/480fd80167d7865ce9aafe14aba4ec9d.jpg,5
407d41dc4b0e9e0fddd2fe5a4e155986,data/raw/fitzpatrick17k/data/407d41dc4b0e9e0fddd2fe5a4e155986.jpg,4
3791b30f96733f69b473c8d2fcf3998b,data/raw/fitzpatrick17k/data/3791b30f96733f69b473c8d2fcf3998b.jpg,2
77aa716ae6d1b7c52f7007fd36864dc2,data/raw/fitzpatrick17k/data/77aa716ae6d1b7c52f7007fd36864dc2.jpg,1
1681c65312e7c67fcec67b39a5f31162,data/raw/fitzpatrick17k/data/1681c65312e7c67fcec67b39a5f31162.jpg,2
e170d124649f3cddf0e8d2ac7a4e597f,data/raw/fitzpatrick17k/data/e170d124649f3cddf0e8d2ac7a4e597f.jpg,1
72e2febe065d177b01564edeb420e24b,data/raw/fitzpatrick17k/data/72e2febe065d177b01564edeb420e24b.jpg,3
16e8de6bd449154d0823adddef933b73,data/raw/fitzpatrick17k/data/16e8de6bd449154d0823adddef933b73.jpg,1
83cd9569896510c012ebc6c5bb7f3c74,data/raw/fitzpatrick17k/data/83cd9569896510c012ebc6c5bb7f3c74.jpg,2
25a9a37f1edef70afe4cbfb380f01224,data/raw/fitzpatrick17k/data/25a9a37f1edef70afe4cbfb380f01224.jpg,3
e7fd792efe793efba7a339d3dd29e404,data/raw/fitzpatrick17k/data/e7fd792efe793efba7a339d3dd29e404.jpg,1
cc63958a1cedccb7dc1f0628f010206e,data/raw/fitzpatrick17k/data/cc63958a1cedccb7dc1f0628f010206e.jpg,2
576c5c37a21c1c767733e486ac69b71c,data/raw/fitzpatrick17k/data/576c5c37a21c1c767733e486ac69b71c.jpg,2
c4ea214b9c8cec7349c9d6fceb487191,data/raw/fitzpatrick17k/data/c4ea214b9c8cec7349c9d6fceb487191.jpg,2
c4c2e945778e09af22e5fc0a0e92bcbf,data/raw/fitzpatrick17k/data/c4c2e945778e09af22e5fc0a0e92bcbf.jpg,1
923228f28903085907978dbba69ee1e6,data/raw/fitzpatrick17k/data/923228f28903085907978dbba69ee1e6.jpg,2
3361f78e86e2c0dcd0868286fb042384,data/raw/fitzpatrick17k/data/3361f78e86e2c0dcd0868286fb042384.jpg,1
94d83b7ef6a07cda5e0ce98dbc2a5550,data/raw/fitzpatrick17k/data/94d83b7ef6a07cda5e0ce98dbc2a5550.jpg,3
f9b0f69231d1badc35b481868d4eb2cc,data/raw/fitzpatrick17k/data/f9b0f69231d1badc35b481868d4eb2cc.jpg,-1
46a52b0203c2e2e10adcfdb6dd3d30a0,data/raw/fitzpatrick17k/data/46a52b0203c2e2e10adcfdb6dd3d30a0.jpg,4
9180caf457da660165757eb4de0cd35c,data/raw/fitzpatrick17k/data/9180caf457da660165757eb4de0cd35c.jpg,2
227aabac4aa7eca8fa4b9fb2abddc5a0,data/raw/fitzpatrick17k/data/227aabac4aa7eca8fa4b9fb2abddc5a0.jpg,3
203f72e12bfd9132ba8f843eaa9a894f,data/raw/fitzpatrick17k/data/203f72e12bfd9132ba8f843eaa9a894f.jpg,2
9d994f1278a9788612fa2af179328c31,data/raw/fitzpatrick17k/data/9d994f1278a9788612fa2af179328c31.jpg,6
f77c1c3ab01cf6fb70d8de77238ed3d6,data/raw/fitzpatrick17k/data/f77c1c3ab01cf6fb70d8de77238ed3d6.jpg,1
256e58f0e342d523cae925d1a3e55a38,data/raw/fitzpatrick17k/data/256e58f0e342d523cae925d1a3e55a38.jpg,2
fb645ff861b4aa453c8bc1208a93184c,data/raw/fitzpatrick17k/data/fb645ff861b4aa453c8bc1208a93184c.jpg,2
3463d25c4b8bc5061a3faa4ca6715537,data/raw/fitzpatrick17k/data/3463d25c4b8bc5061a3faa4ca6715537.jpg,2
83f39daba0fbd5d90c07da1eb1c4f80e,data/raw/fitzpatrick17k/data/83f39daba0fbd5d90c07da1eb1c4f80e.jpg,2
163d9c550fad4704990a3d1b8183d0f8,data/raw/fitzpatrick17k/data/163d9c550fad4704990a3d1b8183d0f8.jpg,2
c05b03bcef867fca1e842f5226089b2c,data/raw/fitzpatrick17k/data/c05b03bcef867fca1e842f5226089b2c.jpg,2
454e68bf5705eabf0f4d28fc1dbd77be,data/raw/fitzpatrick17k/data/454e68bf5705eabf0f4d28fc1dbd77be.jpg,6
f78395e7569fea6aa0263b0680b39fed,data/raw/fitzpatrick17k/data/f78395e7569fea6aa0263b0680b39fed.jpg,1
c12375fa8da3696e9198df1fd74703c1,data/raw/fitzpatrick17k/data/c12375fa8da3696e9198df1fd74703c1.jpg,1
44dd09cec3d8e1a42c64235346e4d062,data/raw/fitzpatrick17k/data/44dd09cec3d8e1a42c64235346e4d062.jpg,4
9695951a2cb28eb40557aa22e201b9c4,data/raw/fitzpatrick17k/data/9695951a2cb28eb40557aa22e201b9c4.jpg,1
0f644501a2c12e1bf8edf3ac59103ae4,data/raw/fitzpatrick17k/data/0f644501a2c12e1bf8edf3ac59103ae4.jpg,2
b38e8cb50b2d60ecd2d2e2a9da5930b2,data/raw/fitzpatrick17k/data/b38e8cb50b2d60ecd2d2e2a9da5930b2.jpg,2
62d277784521ca0bc25d6e91268b3c71,data/raw/fitzpatrick17k/data/62d277784521ca0bc25d6e91268b3c71.jpg,2
33b93a3dabdd6249159f5f3b1661f218,data/raw/fitzpatrick17k/data/33b93a3dabdd6249159f5f3b1661f218.jpg,1
4ef7b09678867c6921d5385ecb18aef2,data/raw/fitzpatrick17k/data/4ef7b09678867c6921d5385ecb18aef2.jpg,1
20cc2e089e50034c164fb3e49bad142f,data/raw/fitzpatrick17k/data/20cc2e089e50034c164fb3e49bad142f.jpg,1
25f0286ffedff3a8a17bcdb8f220cdaf,data/raw/fitzpatrick17k/data/25f0286ffedff3a8a17bcdb8f220cdaf.jpg,4
b222feca6ef56a50502589690b14cb1a,data/raw/fitzpatrick17k/data/b222feca6ef56a50502589690b14cb1a.jpg,1
0fc62c72c433cd6f7ff35d6ba510ac48,data/raw/fitzpatrick17k/data/0fc62c72c433cd6f7ff35d6ba510ac48.jpg,1
8a82dec5919fd014a82bd03d62ae4055,data/raw/fitzpatrick17k/data/8a82dec5919fd014a82bd03d62ae4055.jpg,3
6cf10bfb15d43652310bd5ce509069a9,data/raw/fitzpatrick17k/data/6cf10bfb15d43652310bd5ce509069a9.jpg,4
fc6e05f39ad27f0d3717f4fb51e607ef,data/raw/fitzpatrick17k/data/fc6e05f39ad27f0d3717f4fb51e607ef.jpg,1
e64bc4a3e3dfc2db301f0b8c64253da5,data/raw/fitzpatrick17k/data/e64bc4a3e3dfc2db301f0b8c64253da5.jpg,4
3bc65e392aaeb35c1c6d871831a2b71c,data/raw/fitzpatrick17k/data/3bc65e392aaeb35c1c6d871831a2b71c.jpg,1
05eae8b3cf51683f62e9dcedd403c9ac,data/raw/fitzpatrick17k/data/05eae8b3cf51683f62e9dcedd403c9ac.jpg,2
8579d8e49e2dd64d3969d8a16bf2a8c6,data/raw/fitzpatrick17k/data/8579d8e49e2dd64d3969d8a16bf2a8c6.jpg,1
ee61335699d455db49d11a4b7023a104,data/raw/fitzpatrick17k/data/ee61335699d455db49d11a4b7023a104.jpg,-1
3a53ca1051283d46649008921c687d29,data/raw/fitzpatrick17k/data/3a53ca1051283d46649008921c687d29.jpg,2
e4e6247b65749ac9939b1465693e9bfb,data/raw/fitzpatrick17k/data/e4e6247b65749ac9939b1465693e9bfb.jpg,1
00f1b7bb9581e91250a2bb224c3321b8,data/raw/fitzpatrick17k/data/00f1b7bb9581e91250a2bb224c3321b8.jpg,4
f1bdfe975f053e9b464b14f555db1aec,data/raw/fitzpatrick17k/data/f1bdfe975f053e9b464b14f555db1aec.jpg,2
130b209f100bcbbd8b444f22ea3cbb24,data/raw/fitzpatrick17k/data/130b209f100bcbbd8b444f22ea3cbb24.jpg,1
2882e2a31a604e3633e61708802d5926,data/raw/fitzpatrick17k/data/2882e2a31a604e3633e61708802d5926.jpg,2
16732968b8b8bf0e9dc529bb65031adf,data/raw/fitzpatrick17k/data/16732968b8b8bf0e9dc529bb65031adf.jpg,3
a8ffa90c01aaf037a5a965209eafef6f,data/raw/fitzpatrick17k/data/a8ffa90c01aaf037a5a965209eafef6f.jpg,2
64c07aac49ad73078795d74a2ef6c860,data/raw/fitzpatrick17k/data/64c07aac49ad73078795d74a2ef6c860.jpg,3
8e9b1ff865f03340b6023a68b1dd2bea,data/raw/fitzpatrick17k/data/8e9b1ff865f03340b6023a68b1dd2bea.jpg,1
694398f9c2544b3ef11350e7bf3c3d29,data/raw/fitzpatrick17k/data/694398f9c2544b3ef11350e7bf3c3d29.jpg,5
2cb3ff37c40ccf6614c4e23c4ed0d91a,data/raw/fitzpatrick17k/data/2cb3ff37c40ccf6614c4e23c4ed0d91a.jpg,3
cc2bd788c5212e2ec7e0869b9e9279e5,data/raw/fitzpatrick17k/data/cc2bd788c5212e2ec7e0869b9e9279e5.jpg,2
e5afcf9d9bec4f9fd806aef0808366cd,data/raw/fitzpatrick17k/data/e5afcf9d9bec4f9fd806aef0808366cd.jpg,1
90749d71571a4caae55cb226918d68c9,data/raw/fitzpatrick17k/data/90749d71571a4caae55cb226918d68c9.jpg,2
2701b06d904bfe8d8979bc1fad14a23a,data/raw/fitzpatrick17k/data/2701b06d904bfe8d8979bc1fad14a23a.jpg,3
c8e15692cc70579b3ca3b0cf8236ac0d,data/raw/fitzpatrick17k/data/c8e15692cc70579b3ca3b0cf8236ac0d.jpg,2
e6247183a2fc69e8ea89dddc6f60f904,data/raw/fitzpatrick17k/data/e6247183a2fc69e8ea89dddc6f60f904.jpg,1
fab4ccfe80780b02c35451533bceb848,data/raw/fitzpatrick17k/data/fab4ccfe80780b02c35451533bceb848.jpg,1
de9b248a86bd8333e14692796aa72ec1,data/raw/fitzpatrick17k/data/de9b248a86bd8333e14692796aa72ec1.jpg,-1
1400a56e8de2b64427acf3ba96895ded,data/raw/fitzpatrick17k/data/1400a56e8de2b64427acf3ba96895ded.jpg,2
e1c75dee6b18610b7d5f6e745e2d46d7,data/raw/fitzpatrick17k/data/e1c75dee6b18610b7d5f6e745e2d46d7.jpg,2
d10722216af2bab5bfc450259169f9fe,data/raw/fitzpatrick17k/data/d10722216af2bab5bfc450259169f9fe.jpg,6
b6b148041be55b10f5f94abd7ea29307,data/raw/fitzpatrick17k/data/b6b148041be55b10f5f94abd7ea29307.jpg,2
85f9b49f753224a9a20c6fb66169335b,data/raw/fitzpatrick17k/data/85f9b49f753224a9a20c6fb66169335b.jpg,2
f128b4331ee4e8a26ed43c0082a64b98,data/raw/fitzpatrick17k/data/f128b4331ee4e8a26ed43c0082a64b98.jpg,1
39db1b5308e58e1e486703dcb53b33ee,data/raw/fitzpatrick17k/data/39db1b5308e58e1e486703dcb53b33ee.jpg,3
7d4182584c503100338e00b7b46bcc4b,data/raw/fitzpatrick17k/data/7d4182584c503100338e00b7b46bcc4b.jpg,5
7a2e6969eb645f2aced2aaa7b309b573,data/raw/fitzpatrick17k/data/7a2e6969eb645f2aced2aaa7b309b573.jpg,4
40322591e45e91f55f0ba4daff917d1f,data/raw/fitzpatrick17k/data/40322591e45e91f55f0ba4daff917d1f.jpg,2
30eddb4d034991652db156f7ddbe9a6d,data/raw/fitzpatrick17k/data/30eddb4d034991652db156f7ddbe9a6d.jpg,2
098d28da6fe1db559126d701d74fc8e0,data/raw/fitzpatrick17k/data/098d28da6fe1db559126d701d74fc8e0.jpg,2
95cb2ae15bc9f52ea53b07b78fbfbd26,data/raw/fitzpatrick17k/data/95cb2ae15bc9f52ea53b07b78fbfbd26.jpg,3
df17d9052c095d5b0593a3b9dd306d75,data/raw/fitzpatrick17k/data/df17d9052c095d5b0593a3b9dd306d75.jpg,3
21988edf56792632bf60230be54b4ecb,data/raw/fitzpatrick17k/data/21988edf56792632bf60230be54b4ecb.jpg,3
6eb241282698d3a3b24f8a5427f1bbbf,data/raw/fitzpatrick17k/data/6eb241282698d3a3b24f8a5427f1bbbf.jpg,3
ddc0ffc7185b94bf040684ec8f2d01bd,data/raw/fitzpatrick17k/data/ddc0ffc7185b94bf040684ec8f2d01bd.jpg,1
46409faa46521c676c8e1c3c3330704b,data/raw/fitzpatrick17k/data/46409faa46521c676c8e1c3c3330704b.jpg,3
7e6838d693e1748adf0ea38d6420f8ee,data/raw/fitzpatrick17k/data/7e6838d693e1748adf0ea38d6420f8ee.jpg,5
88c8c110ade2657fbe1c840dd2494511,data/raw/fitzpatrick17k/data/88c8c110ade2657fbe1c840dd2494511.jpg,5
45f2d036cba6a8d8da3240c27217a6ff,data/raw/fitzpatrick17k/data/45f2d036cba6a8d8da3240c27217a6ff.jpg,2
b5fa3405377953a1b7de9049a4d3e4dc,data/raw/fitzpatrick17k/data/b5fa3405377953a1b7de9049a4d3e4dc.jpg,2
4429b712b5f7463459067286a73d1231,data/raw/fitzpatrick17k/data/4429b712b5f7463459067286a73d1231.jpg,3
29e5519889107e210f878f86e0d17436,data/raw/fitzpatrick17k/data/29e5519889107e210f878f86e0d17436.jpg,1
3a10a2d2c76b10042d4936a1e0e5f695,data/raw/fitzpatrick17k/data/3a10a2d2c76b10042d4936a1e0e5f695.jpg,-1
318c1c68fbf43892f05191ea20e618cb,data/raw/fitzpatrick17k/data/318c1c68fbf43892f05191ea20e618cb.jpg,3
d6e1592cd3d3cd6718b56f6d556f77c4,data/raw/fitzpatrick17k/data/d6e1592cd3d3cd6718b56f6d556f77c4.jpg,1
4670285632e1c288ec0ac64a15ef82af,data/raw/fitzpatrick17k/data/4670285632e1c288ec0ac64a15ef82af.jpg,2
4e28e2e586e563db2112ad1afa25fcf0,data/raw/fitzpatrick17k/data/4e28e2e586e563db2112ad1afa25fcf0.jpg,1
1225748569e2495256edb1f615dab952,data/raw/fitzpatrick17k/data/1225748569e2495256edb1f615dab952.jpg,3
f1aba86c1e48a3b1a4bc5e599f7024bf,data/raw/fitzpatrick17k/data/f1aba86c1e48a3b1a4bc5e599f7024bf.jpg,3
68623ff99e2d99707211ae16ac655ebf,data/raw/fitzpatrick17k/data/68623ff99e2d99707211ae16ac655ebf.jpg,2
361c860d6d11345eb0d14b6ff560a952,data/raw/fitzpatrick17k/data/361c860d6d11345eb0d14b6ff560a952.jpg,1
cc391aff32bf98e352ddaf3c1e6865cb,data/raw/fitzpatrick17k/data/cc391aff32bf98e352ddaf3c1e6865cb.jpg,1
98a86bd0a6b6d31cc399703220627eab,data/raw/fitzpatrick17k/data/98a86bd0a6b6d31cc399703220627eab.jpg,1
ab28440ed0d4fd832a76b06f5d86e401,data/raw/fitzpatrick17k/data/ab28440ed0d4fd832a76b06f5d86e401.jpg,2
ed277f414662d8203eeb4a5ddbd58644,data/raw/fitzpatrick17k/data/ed277f414662d8203eeb4a5ddbd58644.jpg,1
cd9875059a12da6235552ef1bfe6b306,data/raw/fitzpatrick17k/data/cd9875059a12da6235552ef1bfe6b306.jpg,1
6df7ccd15c4c9b072863e03224ebf65d,data/raw/fitzpatrick17k/data/6df7ccd15c4c9b072863e03224ebf65d.jpg,-1
8acc8d28a8f6040d23041bfbf16fcf09,data/raw/fitzpatrick17k/data/8acc8d28a8f6040d23041bfbf16fcf09.jpg,2
a012732fd2caf22e3168ea643b0df97e,data/raw/fitzpatrick17k/data/a012732fd2caf22e3168ea643b0df97e.jpg,2
ae1dd2f408512900bb5149de7c3d6a66,data/raw/fitzpatrick17k/data/ae1dd2f408512900bb5149de7c3d6a66.jpg,1
1e7a332c75655b759c774efeac3d9dcc,data/raw/fitzpatrick17k/data/1e7a332c75655b759c774efeac3d9dcc.jpg,1
2e9026dc8e4b4256aaad236b808de767,data/raw/fitzpatrick17k/data/2e9026dc8e4b4256aaad236b808de767.jpg,2
b791ec8f969acd3d0736ac679dea0d29,data/raw/fitzpatrick17k/data/b791ec8f969acd3d0736ac679dea0d29.jpg,-1
e5ad8f497e1246ffd4ef79b930670250,data/raw/fitzpatrick17k/data/e5ad8f497e1246ffd4ef79b930670250.jpg,4
7e0b3d4f2a678d812e94c1f77f9820fa,data/raw/fitzpatrick17k/data/7e0b3d4f2a678d812e94c1f77f9820fa.jpg,2
c0de110fb3fb880b122cc8f058b731af,data/raw/fitzpatrick17k/data/c0de110fb3fb880b122cc8f058b731af.jpg,2
2d8dd8e2b1d3f0af318b320f7d77e595,data/raw/fitzpatrick17k/data/2d8dd8e2b1d3f0af318b320f7d77e595.jpg,4
1edc419cfccfb2728ee1743bc921facb,data/raw/fitzpatrick17k/data/1edc419cfccfb2728ee1743bc921facb.jpg,2
5db01c89de63e47302555704e3e5661e,data/raw/fitzpatrick17k/data/5db01c89de63e47302555704e3e5661e.jpg,2
e8fd022f0fbc938d8b2a44056f1bdec5,data/raw/fitzpatrick17k/data/e8fd022f0fbc938d8b2a44056f1bdec5.jpg,1
d888164ff416adf7a9049f5e5fe3efe3,data/raw/fitzpatrick17k/data/d888164ff416adf7a9049f5e5fe3efe3.jpg,2
56c7427df79c37d0602a2797539ca761,data/raw/fitzpatrick17k/data/56c7427df79c37d0602a2797539ca761.jpg,2
d340f64a533f1be3a5c8d0fc9e621472,data/raw/fitzpatrick17k/data/d340f64a533f1be3a5c8d0fc9e621472.jpg,1
ddcb8094a49516b627eb25de87bb37e8,data/raw/fitzpatrick17k/data/ddcb8094a49516b627eb25de87bb37e8.jpg,1
f45dc98e818745e359d7d25b00c91151,data/raw/fitzpatrick17k/data/f45dc98e818745e359d7d25b00c91151.jpg,1
eae8d8e779633f16b622bac6a56f59ed,data/raw/fitzpatrick17k/data/eae8d8e779633f16b622bac6a56f59ed.jpg,3
dc2a400c943a17772ea55dc50e376435,data/raw/fitzpatrick17k/data/dc2a400c943a17772ea55dc50e376435.jpg,1
691260f9a6de48296c0bcd79084d1c24,data/raw/fitzpatrick17k/data/691260f9a6de48296c0bcd79084d1c24.jpg,2
a38c514b6e09c788efe6438a5e76f864,data/raw/fitzpatrick17k/data/a38c514b6e09c788efe6438a5e76f864.jpg,1
6c3081a5e16b9a11fb33cf8b022122cb,data/raw/fitzpatrick17k/data/6c3081a5e16b9a11fb33cf8b022122cb.jpg,2
229048c8bf711a1039380054d624e368,data/raw/fitzpatrick17k/data/229048c8bf711a1039380054d624e368.jpg,2
fe1bb49509d3638c2930d94268ed1463,data/raw/fitzpatrick17k/data/fe1bb49509d3638c2930d94268ed1463.jpg,1
fb0dcd31990c06d1c8f254ce8b0115c1,data/raw/fitzpatrick17k/data/fb0dcd31990c06d1c8f254ce8b0115c1.jpg,2
1092a8b1d5054fc49428a554d1126042,data/raw/fitzpatrick17k/data/1092a8b1d5054fc49428a554d1126042.jpg,2
98bd1bb7764270260e9b3720e57fc880,data/raw/fitzpatrick17k/data/98bd1bb7764270260e9b3720e57fc880.jpg,1
d611911777942df51c973badfb02c4a4,data/raw/fitzpatrick17k/data/d611911777942df51c973badfb02c4a4.jpg,1
400e3359fc83a621bcfe57435ca6ca49,data/raw/fitzpatrick17k/data/400e3359fc83a621bcfe57435ca6ca49.jpg,2
6fba1ba992dd21cd3eaaf1ecacaf291d,data/raw/fitzpatrick17k/data/6fba1ba992dd21cd3eaaf1ecacaf291d.jpg,2
4acf72bae41e9006b388309adb1b24ac,data/raw/fitzpatrick17k/data/4acf72bae41e9006b388309adb1b24ac.jpg,2
402f0c0b3da52105897eadd247cb100e,data/raw/fitzpatrick17k/data/402f0c0b3da52105897eadd247cb100e.jpg,1
835a931b5ddf66e9b58b47421a8c4dad,data/raw/fitzpatrick17k/data/835a931b5ddf66e9b58b47421a8c4dad.jpg,4
cb7085277de61ca9601240e2c242f902,data/raw/fitzpatrick17k/data/cb7085277de61ca9601240e2c242f902.jpg,2
af64b98b5de693db79b9ff3c008fbd33,data/raw/fitzpatrick17k/data/af64b98b5de693db79b9ff3c008fbd33.jpg,1
a60800f82f6a2588e2cf624ad64f2db1,data/raw/fitzpatrick17k/data/a60800f82f6a2588e2cf624ad64f2db1.jpg,3
78710cb06fd6e3d4147fc1c7ebb2f4a3,data/raw/fitzpatrick17k/data/78710cb06fd6e3d4147fc1c7ebb2f4a3.jpg,2
97daccbe6d587b298b2949cf1b0a3f21,data/raw/fitzpatrick17k/data/97daccbe6d587b298b2949cf1b0a3f21.jpg,1
81614ef48a63119af1349a28cc86a2af,data/raw/fitzpatrick17k/data/81614ef48a63119af1349a28cc86a2af.jpg,2
55f29d5e1fc765bc2f169bcce8578469,data/raw/fitzpatrick17k/data/55f29d5e1fc765bc2f169bcce8578469.jpg,1
82d7c8ecba1bb065d7d0c0d807f8785e,data/raw/fitzpatrick17k/data/82d7c8ecba1bb065d7d0c0d807f8785e.jpg,2
e815861f140e305baf441814e6dbda48,data/raw/fitzpatrick17k/data/e815861f140e305baf441814e6dbda48.jpg,6
d0eea0ab5d1d2a33efea4e0257a03825,data/raw/fitzpatrick17k/data/d0eea0ab5d1d2a33efea4e0257a03825.jpg,4
7fd141e0b81e5573612d46472ec9fe52,data/raw/fitzpatrick17k/data/7fd141e0b81e5573612d46472ec9fe52.jpg,2
3eed6692c19f3cbf19bf5a52192fdeb7,data/raw/fitzpatrick17k/data/3eed6692c19f3cbf19bf5a52192fdeb7.jpg,2
7738a1fedc6181dd976623470feaffd4,data/raw/fitzpatrick17k/data/7738a1fedc6181dd976623470feaffd4.jpg,1
e0bea7f6fa7ff29c53055a7f5c8857d1,data/raw/fitzpatrick17k/data/e0bea7f6fa7ff29c53055a7f5c8857d1.jpg,2
2c41b068641c862f5f26911422ffd78f,data/raw/fitzpatrick17k/data/2c41b068641c862f5f26911422ffd78f.jpg,2
879ce3af2a8769225d4120980e850814,data/raw/fitzpatrick17k/data/879ce3af2a8769225d4120980e850814.jpg,4
a58fdf7caed5065862cc7a1045ac35dd,data/raw/fitzpatrick17k/data/a58fdf7caed5065862cc7a1045ac35dd.jpg,1
4fab663ca875d7ce04524182c53aa4cc,data/raw/fitzpatrick17k/data/4fab663ca875d7ce04524182c53aa4cc.jpg,3
b6a30b0b1f973a931f6cce35ac6607d1,data/raw/fitzpatrick17k/data/b6a30b0b1f973a931f6cce35ac6607d1.jpg,-1
2c5bbb7a25f705c768c9f71b6ff6935c,data/raw/fitzpatrick17k/data/2c5bbb7a25f705c768c9f71b6ff6935c.jpg,2
231488499bc589c8b446af5197cc3478,data/raw/fitzpatrick17k/data/231488499bc589c8b446af5197cc3478.jpg,1
3975cb19ffaee90ea9185c17b032c9a9,data/raw/fitzpatrick17k/data/3975cb19ffaee90ea9185c17b032c9a9.jpg,3
ac04675f4d3943dfcfadd5284c60ef20,data/raw/fitzpatrick17k/data/ac04675f4d3943dfcfadd5284c60ef20.jpg,5
a4bd02ffa70ff94c6c0d4e8f3c412b81,data/raw/fitzpatrick17k/data/a4bd02ffa70ff94c6c0d4e8f3c412b81.jpg,3
a07d58a0a2d13823ee977d0f2c399450,data/raw/fitzpatrick17k/data/a07d58a0a2d13823ee977d0f2c399450.jpg,2
2579d2594790cb42b7e701c279c2cf91,data/raw/fitzpatrick17k/data/2579d2594790cb42b7e701c279c2cf91.jpg,1
aebfb4a4b7eaeb406195faf9c997a5ea,data/raw/fitzpatrick17k/data/aebfb4a4b7eaeb406195faf9c997a5ea.jpg,3
4173d5a2337e044eaced6778c34be2ea,data/raw/fitzpatrick17k/data/4173d5a2337e044eaced6778c34be2ea.jpg,-1
1bbb8898bb34295f884ba8d726809800,data/raw/fitzpatrick17k/data/1bbb8898bb34295f884ba8d726809800.jpg,1
9a79f7e64ca44bf0f9bec4183925ae64,data/raw/fitzpatrick17k/data/9a79f7e64ca44bf0f9bec4183925ae64.jpg,3
673c068053868490c15fefe7aad07b35,data/raw/fitzpatrick17k/data/673c068053868490c15fefe7aad07b35.jpg,1
fb8397ba14203f2442cb607bf6fd9fb7,data/raw/fitzpatrick17k/data/fb8397ba14203f2442cb607bf6fd9fb7.jpg,2
d58998ebb0839c54404e9f55bf8a5d2a,data/raw/fitzpatrick17k/data/d58998ebb0839c54404e9f55bf8a5d2a.jpg,2
132fe9a3f576acc03bfd96ccd4b43783,data/raw/fitzpatrick17k/data/132fe9a3f576acc03bfd96ccd4b43783.jpg,2
701ef9d6cfb1c845baa969eb5d49e58e,data/raw/fitzpatrick17k/data/701ef9d6cfb1c845baa969eb5d49e58e.jpg,1
2ddc13cb0aad47b2dda40db94427db99,data/raw/fitzpatrick17k/data/2ddc13cb0aad47b2dda40db94427db99.jpg,2
b582f9ec2a329edfbe814680a81a0354,data/raw/fitzpatrick17k/data/b582f9ec2a329edfbe814680a81a0354.jpg,2
4e8cd3941081738f8f1405aa9b7399ef,data/raw/fitzpatrick17k/data/4e8cd3941081738f8f1405aa9b7399ef.jpg,2
8ea314195479001aaa5ce386c9f45433,data/raw/fitzpatrick17k/data/8ea314195479001aaa5ce386c9f45433.jpg,2
5e01c679167124fe9b9af10354d084bf,data/raw/fitzpatrick17k/data/5e01c679167124fe9b9af10354d084bf.jpg,2
22517077a92297c9c87dced4121b1e00,data/raw/fitzpatrick17k/data/22517077a92297c9c87dced4121b1e00.jpg,1
031906ece1abcde6af5ef82780ea3034,data/raw/fitzpatrick17k/data/031906ece1abcde6af5ef82780ea3034.jpg,4
6d1ee7768124fde2d8543d38b23c25de,data/raw/fitzpatrick17k/data/6d1ee7768124fde2d8543d38b23c25de.jpg,1
a1e1e7987bed1732f1fa29b1945e6cf0,data/raw/fitzpatrick17k/data/a1e1e7987bed1732f1fa29b1945e6cf0.jpg,4
822ce90b3e5bd12124932beb7134ca3e,data/raw/fitzpatrick17k/data/822ce90b3e5bd12124932beb7134ca3e.jpg,-1
3e79b0695698f58d3d40482c2aef87a9,data/raw/fitzpatrick17k/data/3e79b0695698f58d3d40482c2aef87a9.jpg,-1
04619369ecec27c92b5f782adfd21b05,data/raw/fitzpatrick17k/data/04619369ecec27c92b5f782adfd21b05.jpg,2
a4158b66a1435b2882c4075faa163c45,data/raw/fitzpatrick17k/data/a4158b66a1435b2882c4075faa163c45.jpg,3
ee0ca09169187d556308c034caa9fda4,data/raw/fitzpatrick17k/data/ee0ca09169187d556308c034caa9fda4.jpg,1
c8a6962325692dfdd5db9428d46bfdb0,data/raw/fitzpatrick17k/data/c8a6962325692dfdd5db9428d46bfdb0.jpg,1
33f441f638fce62e18cd77ff583d6273,data/raw/fitzpatrick17k/data/33f441f638fce62e18cd77ff583d6273.jpg,3
fb1feb5dbf0038eee9348a3740cef6f9,data/raw/fitzpatrick17k/data/fb1feb5dbf0038eee9348a3740cef6f9.jpg,1
270a217e6e961cf405a4ad46a110ff69,data/raw/fitzpatrick17k/data/270a217e6e961cf405a4ad46a110ff69.jpg,1
ae398e0d27c79b0c70ff15cd25d62ce6,data/raw/fitzpatrick17k/data/ae398e0d27c79b0c70ff15cd25d62ce6.jpg,1
01753b8013e298aa27ca91ac721ee0a8,data/raw/fitzpatrick17k/data/01753b8013e298aa27ca91ac721ee0a8.jpg,2
2fd4888414963b05fe63544829295e3b,data/raw/fitzpatrick17k/data/2fd4888414963b05fe63544829295e3b.jpg,3
e89b0dc455f91346e87beb4fdda74b47,data/raw/fitzpatrick17k/data/e89b0dc455f91346e87beb4fdda74b47.jpg,2
43262c5ed7d5c29f9547e40f5bcac4fd,data/raw/fitzpatrick17k/data/43262c5ed7d5c29f9547e40f5bcac4fd.jpg,4
c6e02651c6e15b52376ccfb095ee0509,data/raw/fitzpatrick17k/data/c6e02651c6e15b52376ccfb095ee0509.jpg,1
0041c7551e027def40cf81ab8fe14a36,data/raw/fitzpatrick17k/data/0041c7551e027def40cf81ab8fe14a36.jpg,-1
b2b9e1cdf5ddb3859cbb6289928e7d3e,data/raw/fitzpatrick17k/data/b2b9e1cdf5ddb3859cbb6289928e7d3e.jpg,1
22951972e56cf7574ccd1bbe6a45765a,data/raw/fitzpatrick17k/data/22951972e56cf7574ccd1bbe6a45765a.jpg,1
6616522cf5d8912260a17e4d2061ae6a,data/raw/fitzpatrick17k/data/6616522cf5d8912260a17e4d2061ae6a.jpg,2
71a7b35ef0e804f4dac01d3119be6748,data/raw/fitzpatrick17k/data/71a7b35ef0e804f4dac01d3119be6748.jpg,1
cad0c1ba75e1aec69f532f699a56f8db,data/raw/fitzpatrick17k/data/cad0c1ba75e1aec69f532f699a56f8db.jpg,2
72bf4c07c8873dbf8d4b2c7ab5989853,data/raw/fitzpatrick17k/data/72bf4c07c8873dbf8d4b2c7ab5989853.jpg,1
99a55ba343bf11c3a8e37beb8f023684,data/raw/fitzpatrick17k/data/99a55ba343bf11c3a8e37beb8f023684.jpg,1
db88650aad0641ca4353f14650d90f22,data/raw/fitzpatrick17k/data/db88650aad0641ca4353f14650d90f22.jpg,1
be813befb6f1f53ce07c77838af159ea,data/raw/fitzpatrick17k/data/be813befb6f1f53ce07c77838af159ea.jpg,4
c3758805959417fcc2d8e98a8483217f,data/raw/fitzpatrick17k/data/c3758805959417fcc2d8e98a8483217f.jpg,1
acfa64e67d3581bc2a1db0c5dcadf860,data/raw/fitzpatrick17k/data/acfa64e67d3581bc2a1db0c5dcadf860.jpg,1
48a2d3c07db35f6232411a257e7a95e9,data/raw/fitzpatrick17k/data/48a2d3c07db35f6232411a257e7a95e9.jpg,1
32dc52b5114e1aac6dab9fca50a6746a,data/raw/fitzpatrick17k/data/32dc52b5114e1aac6dab9fca50a6746a.jpg,2
430f3cba46045b2e5eb12092c03b98fd,data/raw/fitzpatrick17k/data/430f3cba46045b2e5eb12092c03b98fd.jpg,3
d4bc1c91b2d568108d77e93011564a6c,data/raw/fitzpatrick17k/data/d4bc1c91b2d568108d77e93011564a6c.jpg,2
6a9b56f5a0721bde502d526ac0128936,data/raw/fitzpatrick17k/data/6a9b56f5a0721bde502d526ac0128936.jpg,2
d13e9416a0204d2e004f93eb5f853448,data/raw/fitzpatrick17k/data/d13e9416a0204d2e004f93eb5f853448.jpg,5
d3503da01b612ccb8cdeb1d72fb00298,data/raw/fitzpatrick17k/data/d3503da01b612ccb8cdeb1d72fb00298.jpg,2
f67c5d66436fcf3f656cb2ab5bd026df,data/raw/fitzpatrick17k/data/f67c5d66436fcf3f656cb2ab5bd026df.jpg,2
d9491d49e41af0734b1bfe6e4cde4ade,data/raw/fitzpatrick17k/data/d9491d49e41af0734b1bfe6e4cde4ade.jpg,3
0ee34d8cc387db6430bba2d2ce793ac9,data/raw/fitzpatrick17k/data/0ee34d8cc387db6430bba2d2ce793ac9.jpg,2
1e4917eb8252158b3e1de9ab8a4110ff,data/raw/fitzpatrick17k/data/1e4917eb8252158b3e1de9ab8a4110ff.jpg,2
840db47356fcaadc19f36af0843a12c8,data/raw/fitzpatrick17k/data/840db47356fcaadc19f36af0843a12c8.jpg,2
e276cd90d46ab882c257483591cc659f,data/raw/fitzpatrick17k/data/e276cd90d46ab882c257483591cc659f.jpg,-1
c654431b35ae082b8b5ec407fbdc501b,data/raw/fitzpatrick17k/data/c654431b35ae082b8b5ec407fbdc501b.jpg,1
df0ccf61a18dd7434630862455337495,data/raw/fitzpatrick17k/data/df0ccf61a18dd7434630862455337495.jpg,1
8a091188db498974b231e3e4eb542317,data/raw/fitzpatrick17k/data/8a091188db498974b231e3e4eb542317.jpg,3
937958a33a48e5f49058b3f598dfaf30,data/raw/fitzpatrick17k/data/937958a33a48e5f49058b3f598dfaf30.jpg,2
ada18724a43831db99512cf39a174d0a,data/raw/fitzpatrick17k/data/ada18724a43831db99512cf39a174d0a.jpg,3
dc6b70e34949c1fa255c0c936fc53655,data/raw/fitzpatrick17k/data/dc6b70e34949c1fa255c0c936fc53655.jpg,1
0afbf2ec3f745735dc677ca739055838,data/raw/fitzpatrick17k/data/0afbf2ec3f745735dc677ca739055838.jpg,2
9506d68feabca7db121bbf5527c8f502,data/raw/fitzpatrick17k/data/9506d68feabca7db121bbf5527c8f502.jpg,-1
846d5436d995ac586b03958fbcfc1a96,data/raw/fitzpatrick17k/data/846d5436d995ac586b03958fbcfc1a96.jpg,2
d4862d1b866e2c536dde339f60de4f0d,data/raw/fitzpatrick17k/data/d4862d1b866e2c536dde339f60de4f0d.jpg,5
aad76025ff2ae079b4d8c881496c3372,data/raw/fitzpatrick17k/data/aad76025ff2ae079b4d8c881496c3372.jpg,2
306991d08929be5a1c9cad3ecc9423bf,data/raw/fitzpatrick17k/data/306991d08929be5a1c9cad3ecc9423bf.jpg,1
c44a2756525afdfd56566f0dd9a37551,data/raw/fitzpatrick17k/data/c44a2756525afdfd56566f0dd9a37551.jpg,-1
c094d187bbdb87186eed24cba84dea57,data/raw/fitzpatrick17k/data/c094d187bbdb87186eed24cba84dea57.jpg,3
088f75621475639f8316e4a34b170ac6,data/raw/fitzpatrick17k/data/088f75621475639f8316e4a34b170ac6.jpg,1
ecc71c47ea7467dd1dfb3ba6ad63ce1f,data/raw/fitzpatrick17k/data/ecc71c47ea7467dd1dfb3ba6ad63ce1f.jpg,2
e5274fb265a7fbd6db292a6e8959f467,data/raw/fitzpatrick17k/data/e5274fb265a7fbd6db292a6e8959f467.jpg,2
ddc2dbe2b62e2bb78ce1b4305110b67f,data/raw/fitzpatrick17k/data/ddc2dbe2b62e2bb78ce1b4305110b67f.jpg,4
82c7173ab4927d071fb7a749f8ae2a5f,data/raw/fitzpatrick17k/data/82c7173ab4927d071fb7a749f8ae2a5f.jpg,2
cc21b8b35c671d672d568d98d0434f08,data/raw/fitzpatrick17k/data/cc21b8b35c671d672d568d98d0434f08.jpg,1
47ae0164d37b5c26a524d8b33132fcb5,data/raw/fitzpatrick17k/data/47ae0164d37b5c26a524d8b33132fcb5.jpg,2
361528caed6ebd18a0a558726a3999c0,data/raw/fitzpatrick17k/data/361528caed6ebd18a0a558726a3999c0.jpg,2
d84e0c83920384e79354019fd467e6b1,data/raw/fitzpatrick17k/data/d84e0c83920384e79354019fd467e6b1.jpg,2
2108e9d766f1c6ed6ad83765f576d347,data/raw/fitzpatrick17k/data/2108e9d766f1c6ed6ad83765f576d347.jpg,2
74e9c27efd60a074b6b4d7e40f61c270,data/raw/fitzpatrick17k/data/74e9c27efd60a074b6b4d7e40f61c270.jpg,2
07bbb2e37d5e4febf70890df43c9fbd6,data/raw/fitzpatrick17k/data/07bbb2e37d5e4febf70890df43c9fbd6.jpg,2
1f24cd91d3536af05573c716cee9afe3,data/raw/fitzpatrick17k/data/1f24cd91d3536af05573c716cee9afe3.jpg,1
a13eaf2826329cee2e8ab3b16a9df3f9,data/raw/fitzpatrick17k/data/a13eaf2826329cee2e8ab3b16a9df3f9.jpg,4
8a661b72496bad203ff9f93322252a2e,data/raw/fitzpatrick17k/data/8a661b72496bad203ff9f93322252a2e.jpg,2
b8837a0285f7c4288c772a079c64fb84,data/raw/fitzpatrick17k/data/b8837a0285f7c4288c772a079c64fb84.jpg,-1
4c57a9eec4b544ae4dae4a56a6d9f8cf,data/raw/fitzpatrick17k/data/4c57a9eec4b544ae4dae4a56a6d9f8cf.jpg,1
16b8f543987fd7f15139f36114a238d5,data/raw/fitzpatrick17k/data/16b8f543987fd7f15139f36114a238d5.jpg,1
95c004cc4ef4eff26861698463f19262,data/raw/fitzpatrick17k/data/95c004cc4ef4eff26861698463f19262.jpg,1
686586ef815913c5cd197bcdb3718b5e,data/raw/fitzpatrick17k/data/686586ef815913c5cd197bcdb3718b5e.jpg,-1
7e1a63312318ffca8b95875238836aa2,data/raw/fitzpatrick17k/data/7e1a63312318ffca8b95875238836aa2.jpg,1
b995b00ca0f6e3a5ac881db2d40a5c34,data/raw/fitzpatrick17k/data/b995b00ca0f6e3a5ac881db2d40a5c34.jpg,1
c2741f8b0ec47a8b6c24ad34bc03621b,data/raw/fitzpatrick17k/data/c2741f8b0ec47a8b6c24ad34bc03621b.jpg,2
e485d00e33e95305b3b1bc03d0e852ed,data/raw/fitzpatrick17k/data/e485d00e33e95305b3b1bc03d0e852ed.jpg,2
f4cb8f2760402923d840b55e4ef6f729,data/raw/fitzpatrick17k/data/f4cb8f2760402923d840b55e4ef6f729.jpg,2
b7492f6251c4b495085d9517724ff953,data/raw/fitzpatrick17k/data/b7492f6251c4b495085d9517724ff953.jpg,2
92d9830f22b0eaa4ced0575d60f5662b,data/raw/fitzpatrick17k/data/92d9830f22b0eaa4ced0575d60f5662b.jpg,1
59987085d01b140ce512082866095ddd,data/raw/fitzpatrick17k/data/59987085d01b140ce512082866095ddd.jpg,3
7d6ae096a58cc9a689e28ab2fc06a75f,data/raw/fitzpatrick17k/data/7d6ae096a58cc9a689e28ab2fc06a75f.jpg,2
d962d44c1ad9d8007dd31cbc9cb6aad8,data/raw/fitzpatrick17k/data/d962d44c1ad9d8007dd31cbc9cb6aad8.jpg,3
deba1747c5e39cae4b05d5a6e31139fa,data/raw/fitzpatrick17k/data/deba1747c5e39cae4b05d5a6e31139fa.jpg,3
ad6a439e55fd8b5bd17caf2d72b76d61,data/raw/fitzpatrick17k/data/ad6a439e55fd8b5bd17caf2d72b76d61.jpg,2
1cc5a0ffcaf2f370cd65f10eeeb7fddd,data/raw/fitzpatrick17k/data/1cc5a0ffcaf2f370cd65f10eeeb7fddd.jpg,3
ce104e40baa37a3b52cec156a66bcfac,data/raw/fitzpatrick17k/data/ce104e40baa37a3b52cec156a66bcfac.jpg,2
25e4eae439e80e56c8228d9c4cf03ce0,data/raw/fitzpatrick17k/data/25e4eae439e80e56c8228d9c4cf03ce0.jpg,2
467b2ac03723ec804ecb709da4a5bb16,data/raw/fitzpatrick17k/data/467b2ac03723ec804ecb709da4a5bb16.jpg,3
617f9ddb778028f305520a92ac052c68,data/raw/fitzpatrick17k/data/617f9ddb778028f305520a92ac052c68.jpg,6
59c60187f6e65c32cbbadbdfc8b8df1d,data/raw/fitzpatrick17k/data/59c60187f6e65c32cbbadbdfc8b8df1d.jpg,2
d718d651cbb1a4041ee554bd22956206,data/raw/fitzpatrick17k/data/d718d651cbb1a4041ee554bd22956206.jpg,2
d9fbdadef6ca5cd7f3c3d3928fa6d57d,data/raw/fitzpatrick17k/data/d9fbdadef6ca5cd7f3c3d3928fa6d57d.jpg,2
ce123c8a38d3da4112480b175c948142,data/raw/fitzpatrick17k/data/ce123c8a38d3da4112480b175c948142.jpg,2
f1c06ae789abed0425b017fc77eb16e5,data/raw/fitzpatrick17k/data/f1c06ae789abed0425b017fc77eb16e5.jpg,1
0a07b5a38573468dbd4d503d6f1e800b,data/raw/fitzpatrick17k/data/0a07b5a38573468dbd4d503d6f1e800b.jpg,2
2dbf863f60d92fcb6bd2cb08ab04abba,data/raw/fitzpatrick17k/data/2dbf863f60d92fcb6bd2cb08ab04abba.jpg,1
1c31b43cce49c0e53349f4f1adb59b1d,data/raw/fitzpatrick17k/data/1c31b43cce49c0e53349f4f1adb59b1d.jpg,3
b373d991b75e405e4d1d3b2bf805a5df,data/raw/fitzpatrick17k/data/b373d991b75e405e4d1d3b2bf805a5df.jpg,2
87ae4c6a6e5d03d360fdd19b3a2d8092,data/raw/fitzpatrick17k/data/87ae4c6a6e5d03d360fdd19b3a2d8092.jpg,-1
125842e1870ae0f3b77a57f228da33fc,data/raw/fitzpatrick17k/data/125842e1870ae0f3b77a57f228da33fc.jpg,1
0844ae634f0e6e7ef1f73c2aeecbae0e,data/raw/fitzpatrick17k/data/0844ae634f0e6e7ef1f73c2aeecbae0e.jpg,2
b50a802b6d5e458e6d6e446b6cee35d9,data/raw/fitzpatrick17k/data/b50a802b6d5e458e6d6e446b6cee35d9.jpg,4
70e5ffc51b9d4dc96616b52ded3ea665,data/raw/fitzpatrick17k/data/70e5ffc51b9d4dc96616b52ded3ea665.jpg,-1
98b0322096085a163b8b849ec481e30f,data/raw/fitzpatrick17k/data/98b0322096085a163b8b849ec481e30f.jpg,4
cba6bd5b134c25e21d636d87b711f662,data/raw/fitzpatrick17k/data/cba6bd5b134c25e21d636d87b711f662.jpg,2
304f8ce123139ee152d5bd43415e2edc,data/raw/fitzpatrick17k/data/304f8ce123139ee152d5bd43415e2edc.jpg,1
37c9a984fbf34057023942c77d1ddff2,data/raw/fitzpatrick17k/data/37c9a984fbf34057023942c77d1ddff2.jpg,2
6fe05b4958791a509557c5fc392762ce,data/raw/fitzpatrick17k/data/6fe05b4958791a509557c5fc392762ce.jpg,1
bb6ae8c9458a9760ef0be6d2fb6f2bd9,data/raw/fitzpatrick17k/data/bb6ae8c9458a9760ef0be6d2fb6f2bd9.jpg,4
045b1d751bdafb3c8126c61c5caf270d,data/raw/fitzpatrick17k/data/045b1d751bdafb3c8126c61c5caf270d.jpg,2
a51617e00dfdf9febbdef2b0741ee82d,data/raw/fitzpatrick17k/data/a51617e00dfdf9febbdef2b0741ee82d.jpg,1
f0758a39abe4ef22f174aa6e68689459,data/raw/fitzpatrick17k/data/f0758a39abe4ef22f174aa6e68689459.jpg,3
852b1cbfb924539f2aa31a036ea6b565,data/raw/fitzpatrick17k/data/852b1cbfb924539f2aa31a036ea6b565.jpg,2
4644f52d635a683a54e256e0431b6536,data/raw/fitzpatrick17k/data/4644f52d635a683a54e256e0431b6536.jpg,1
3d9906a74daa3f200a177ee57fcf8310,data/raw/fitzpatrick17k/data/3d9906a74daa3f200a177ee57fcf8310.jpg,2
7eb72f83e8c15e7f1c4d3facd0abfa8f,data/raw/fitzpatrick17k/data/7eb72f83e8c15e7f1c4d3facd0abfa8f.jpg,2
b75d1a302ae3ec412297ae45ff14bc02,data/raw/fitzpatrick17k/data/b75d1a302ae3ec412297ae45ff14bc02.jpg,-1
6ddff0707d6bfe84b1b4be7a7c41bf5e,data/raw/fitzpatrick17k/data/6ddff0707d6bfe84b1b4be7a7c41bf5e.jpg,3
77e241b18f2f7f615e4a76ae87cd42ac,data/raw/fitzpatrick17k/data/77e241b18f2f7f615e4a76ae87cd42ac.jpg,2
24b359bb354232f22414960892020819,data/raw/fitzpatrick17k/data/24b359bb354232f22414960892020819.jpg,1
64ac709a505775c19e96b55f0278aa61,data/raw/fitzpatrick17k/data/64ac709a505775c19e96b55f0278aa61.jpg,2
0d8457afebb67905127da37baece43d8,data/raw/fitzpatrick17k/data/0d8457afebb67905127da37baece43d8.jpg,5
6c01e05cf7c76a641b92bb4b7383d27b,data/raw/fitzpatrick17k/data/6c01e05cf7c76a641b92bb4b7383d27b.jpg,3
af9962796753508481866c02851f21b9,data/raw/fitzpatrick17k/data/af9962796753508481866c02851f21b9.jpg,1
72aa410d76f560607fb2e74083b2e87d,data/raw/fitzpatrick17k/data/72aa410d76f560607fb2e74083b2e87d.jpg,2
a933cf003cc523204544c8820bc5c73e,data/raw/fitzpatrick17k/data/a933cf003cc523204544c8820bc5c73e.jpg,1
07e86b7dfbd6ffe274193d330c182876,data/raw/fitzpatrick17k/data/07e86b7dfbd6ffe274193d330c182876.jpg,3
3cc5bf092e65969413ebb390d9c0344e,data/raw/fitzpatrick17k/data/3cc5bf092e65969413ebb390d9c0344e.jpg,1
2e3a440729e7c6dc0543b21895324b18,data/raw/fitzpatrick17k/data/2e3a440729e7c6dc0543b21895324b18.jpg,1
b2413c3578edf4a33ab4f56e9c7d0aa1,data/raw/fitzpatrick17k/data/b2413c3578edf4a33ab4f56e9c7d0aa1.jpg,1
936dc916bc990b05cf256667186b5396,data/raw/fitzpatrick17k/data/936dc916bc990b05cf256667186b5396.jpg,2
3abf697cc51d3887c188136ef0a4d941,data/raw/fitzpatrick17k/data/3abf697cc51d3887c188136ef0a4d941.jpg,2
41815a6d1d3a27c58d42c818b2efb236,data/raw/fitzpatrick17k/data/41815a6d1d3a27c58d42c818b2efb236.jpg,2
7680cf6433be49fb7ed5964e7c1ed440,data/raw/fitzpatrick17k/data/7680cf6433be49fb7ed5964e7c1ed440.jpg,2
f7860a668bff417fdf35a16e8229a587,data/raw/fitzpatrick17k/data/f7860a668bff417fdf35a16e8229a587.jpg,1
43e565b277ea2460eada9e871505a203,data/raw/fitzpatrick17k/data/43e565b277ea2460eada9e871505a203.jpg,2
a2cc79f44fdb6241278e3098721cf684,data/raw/fitzpatrick17k/data/a2cc79f44fdb6241278e3098721cf684.jpg,1
58005ed792a5445438c7f32043d1818b,data/raw/fitzpatrick17k/data/58005ed792a5445438c7f32043d1818b.jpg,5
a27211a5b0e1bbde690a3e5feb341653,data/raw/fitzpatrick17k/data/a27211a5b0e1bbde690a3e5feb341653.jpg,-1
85bfb7325d93bac71fcbc08ae0a9ba23,data/raw/fitzpatrick17k/data/85bfb7325d93bac71fcbc08ae0a9ba23.jpg,1
658446bde66c64e374d317e40fb40f91,data/raw/fitzpatrick17k/data/658446bde66c64e374d317e40fb40f91.jpg,6
5a18fc5a172112cbb0636b16d76078c5,data/raw/fitzpatrick17k/data/5a18fc5a172112cbb0636b16d76078c5.jpg,2
3bb47651dab6157dbca1fb1585de91f2,data/raw/fitzpatrick17k/data/3bb47651dab6157dbca1fb1585de91f2.jpg,4
bfb6b1bace873ed26a0f69d6bfde27ba,data/raw/fitzpatrick17k/data/bfb6b1bace873ed26a0f69d6bfde27ba.jpg,3
d3a72ac99209301ae7910103ac5e0d6d,data/raw/fitzpatrick17k/data/d3a72ac99209301ae7910103ac5e0d6d.jpg,2
2331c9221825472c0a643dcc3a1f5249,data/raw/fitzpatrick17k/data/2331c9221825472c0a643dcc3a1f5249.jpg,2
acf9046d1fb65c2020996133795f9b76,data/raw/fitzpatrick17k/data/acf9046d1fb65c2020996133795f9b76.jpg,4
d7da287fc4ca06ca56fa7a77bc66ff3a,data/raw/fitzpatrick17k/data/d7da287fc4ca06ca56fa7a77bc66ff3a.jpg,2
584c4f9057c17656a36c862d527000a3,data/raw/fitzpatrick17k/data/584c4f9057c17656a36c862d527000a3.jpg,1
cb0bd4370fb0154d4d13e6495ef746d8,data/raw/fitzpatrick17k/data/cb0bd4370fb0154d4d13e6495ef746d8.jpg,2
c8f2e70de27ec0f45e7cd3774e86f076,data/raw/fitzpatrick17k/data/c8f2e70de27ec0f45e7cd3774e86f076.jpg,2
2cd4cd289e9c8b7c9cac0c9cf0b9fdd1,data/raw/fitzpatrick17k/data/2cd4cd289e9c8b7c9cac0c9cf0b9fdd1.jpg,3
ea19152434347b623f2e98c92ebd7938,data/raw/fitzpatrick17k/data/ea19152434347b623f2e98c92ebd7938.jpg,2
e61194e04e5e450a4d3d40de07d9f2ed,data/raw/fitzpatrick17k/data/e61194e04e5e450a4d3d40de07d9f2ed.jpg,5
a5caf184b8e343e568d0d250f061739f,data/raw/fitzpatrick17k/data/a5caf184b8e343e568d0d250f061739f.jpg,1
2fdb31f6c3f6fc50b96f6607510cc263,data/raw/fitzpatrick17k/data/2fdb31f6c3f6fc50b96f6607510cc263.jpg,1
6ed5abe85b1aeaf3c3246e1c6fd375a6,data/raw/fitzpatrick17k/data/6ed5abe85b1aeaf3c3246e1c6fd375a6.jpg,-1
d740f99aa0236f9972d66f0821cf14b0,data/raw/fitzpatrick17k/data/d740f99aa0236f9972d66f0821cf14b0.jpg,4
fa01a1c2272065c237e67fdc34b42ae9,data/raw/fitzpatrick17k/data/fa01a1c2272065c237e67fdc34b42ae9.jpg,1
7910e6ff11c72c6266d5749017c6f72e,data/raw/fitzpatrick17k/data/7910e6ff11c72c6266d5749017c6f72e.jpg,2
dc015fe727ae7edab1c022a7ba0cf1bd,data/raw/fitzpatrick17k/data/dc015fe727ae7edab1c022a7ba0cf1bd.jpg,1
38c5bd7619923f1297d3b49cebd1bd85,data/raw/fitzpatrick17k/data/38c5bd7619923f1297d3b49cebd1bd85.jpg,3
7a9d20013b87019f62372a31dc98ac92,data/raw/fitzpatrick17k/data/7a9d20013b87019f62372a31dc98ac92.jpg,3
a4b48f03133497b7ff25ec2af7505ef1,data/raw/fitzpatrick17k/data/a4b48f03133497b7ff25ec2af7505ef1.jpg,3
f728b8ad950fa5a36cd26cbdf9651179,data/raw/fitzpatrick17k/data/f728b8ad950fa5a36cd26cbdf9651179.jpg,3
4874ae4360510673a0cbe6310a4acce0,data/raw/fitzpatrick17k/data/4874ae4360510673a0cbe6310a4acce0.jpg,2
32ea52fa6dde393c5affeb0107d15e8c,data/raw/fitzpatrick17k/data/32ea52fa6dde393c5affeb0107d15e8c.jpg,2
ee93be8080b3d5f5535f4e4273033bb1,data/raw/fitzpatrick17k/data/ee93be8080b3d5f5535f4e4273033bb1.jpg,2
8cbf01e080ba75fbf6716769acc0f36c,data/raw/fitzpatrick17k/data/8cbf01e080ba75fbf6716769acc0f36c.jpg,1
9140159f37dd700e5a4d25351ae805fe,data/raw/fitzpatrick17k/data/9140159f37dd700e5a4d25351ae805fe.jpg,3
7041e0d82e0d554237bd1e6dc886a81f,data/raw/fitzpatrick17k/data/7041e0d82e0d554237bd1e6dc886a81f.jpg,5
9b82bbff48d88f3bea9d30cfd96606dc,data/raw/fitzpatrick17k/data/9b82bbff48d88f3bea9d30cfd96606dc.jpg,1
ad94730f787cc90b11c25655c41366b6,data/raw/fitzpatrick17k/data/ad94730f787cc90b11c25655c41366b6.jpg,1
3ac17ec80430bdeb06a2134912d21d42,data/raw/fitzpatrick17k/data/3ac17ec80430bdeb06a2134912d21d42.jpg,2
69425e7f864b9775266eca2c328fe766,data/raw/fitzpatrick17k/data/69425e7f864b9775266eca2c328fe766.jpg,2
e6a148f384e31d30c51c4472defc1bdf,data/raw/fitzpatrick17k/data/e6a148f384e31d30c51c4472defc1bdf.jpg,4
50203f0e1cc3ccf33cd2cbfdfd475c02,data/raw/fitzpatrick17k/data/50203f0e1cc3ccf33cd2cbfdfd475c02.jpg,3
f1979b9bf4e026d9204bf15e85984c47,data/raw/fitzpatrick17k/data/f1979b9bf4e026d9204bf15e85984c47.jpg,4
b22e94f7e5cde4d33adf24245ea5faf2,data/raw/fitzpatrick17k/data/b22e94f7e5cde4d33adf24245ea5faf2.jpg,6
b3c86bb9fac904880ece450b882ee8d6,data/raw/fitzpatrick17k/data/b3c86bb9fac904880ece450b882ee8d6.jpg,1
ca9fe71f9b4e6348554b749f3c2e56d2,data/raw/fitzpatrick17k/data/ca9fe71f9b4e6348554b749f3c2e56d2.jpg,1
b12d076ff5807ed202abdecad845d75d,data/raw/fitzpatrick17k/data/b12d076ff5807ed202abdecad845d75d.jpg,3
a9f949191444e250146b49ff8c95c6ac,data/raw/fitzpatrick17k/data/a9f949191444e250146b49ff8c95c6ac.jpg,5
0d9b3b69f19baf1b3db887dfbacafb26,data/raw/fitzpatrick17k/data/0d9b3b69f19baf1b3db887dfbacafb26.jpg,3
32f210990987f39829733c1ab5e7f307,data/raw/fitzpatrick17k/data/32f210990987f39829733c1ab5e7f307.jpg,4
9071aa339d3fe202cd0fd9a9ae1de1e7,data/raw/fitzpatrick17k/data/9071aa339d3fe202cd0fd9a9ae1de1e7.jpg,1
a177a5fc4b0e7033c39fb4f2503279ab,data/raw/fitzpatrick17k/data/a177a5fc4b0e7033c39fb4f2503279ab.jpg,6
37ef6efc7b2498d4a693e3da285fe940,data/raw/fitzpatrick17k/data/37ef6efc7b2498d4a693e3da285fe940.jpg,2
079c3dd9e4b48d119bcdcfc024558128,data/raw/fitzpatrick17k/data/079c3dd9e4b48d119bcdcfc024558128.jpg,3
8718cf620c0488269eb502f2c2ed588c,data/raw/fitzpatrick17k/data/8718cf620c0488269eb502f2c2ed588c.jpg,2
93b062b6dfa77f4c6e763612557adee5,data/raw/fitzpatrick17k/data/93b062b6dfa77f4c6e763612557adee5.jpg,2
62d9ec3242500622172da0af41cef076,data/raw/fitzpatrick17k/data/62d9ec3242500622172da0af41cef076.jpg,2
8aa0c0210a09a713036cc34e4a77511c,data/raw/fitzpatrick17k/data/8aa0c0210a09a713036cc34e4a77511c.jpg,3
cef2dd1c93103711aed6687a619e0230,data/raw/fitzpatrick17k/data/cef2dd1c93103711aed6687a619e0230.jpg,2
86665d212e168b26d21f1dc4a8d1f12b,data/raw/fitzpatrick17k/data/86665d212e168b26d21f1dc4a8d1f12b.jpg,2
3edf305f280a7b9753a141631b8f3ad9,data/raw/fitzpatrick17k/data/3edf305f280a7b9753a141631b8f3ad9.jpg,5
3b36608c5ee59c5c9d86d64fb5309007,data/raw/fitzpatrick17k/data/3b36608c5ee59c5c9d86d64fb5309007.jpg,4
248f9241c4e76abbf049ba8b06e968ff,data/raw/fitzpatrick17k/data/248f9241c4e76abbf049ba8b06e968ff.jpg,2
02f11821915d67f20fb15a8e8b96c1d3,data/raw/fitzpatrick17k/data/02f11821915d67f20fb15a8e8b96c1d3.jpg,6
47f82c73448a0cbf900d839ac3872496,data/raw/fitzpatrick17k/data/47f82c73448a0cbf900d839ac3872496.jpg,2
a0e5ab87f7d3fe482d098d1e250804c2,data/raw/fitzpatrick17k/data/a0e5ab87f7d3fe482d098d1e250804c2.jpg,2
e734481a48634d1df0a307ec8bbb5c35,data/raw/fitzpatrick17k/data/e734481a48634d1df0a307ec8bbb5c35.jpg,2
c85a414180c75d978fb7259f2781b72e,data/raw/fitzpatrick17k/data/c85a414180c75d978fb7259f2781b72e.jpg,2
1ef72998789229d4659d564ba15e7432,data/raw/fitzpatrick17k/data/1ef72998789229d4659d564ba15e7432.jpg,5
ba250d0f0b1ed48ecc19465085c41cb0,data/raw/fitzpatrick17k/data/ba250d0f0b1ed48ecc19465085c41cb0.jpg,2
392eb33bdb10edb95f740abbcc378a6f,data/raw/fitzpatrick17k/data/392eb33bdb10edb95f740abbcc378a6f.jpg,1
6744db78a0f5c8b6a5ce65df24cb7473,data/raw/fitzpatrick17k/data/6744db78a0f5c8b6a5ce65df24cb7473.jpg,3
68528c33db3fc238d183b5d2c14d6f75,data/raw/fitzpatrick17k/data/68528c33db3fc238d183b5d2c14d6f75.jpg,3
80af44814ea5730ac2e9ba49971ed054,data/raw/fitzpatrick17k/data/80af44814ea5730ac2e9ba49971ed054.jpg,3
051e5c8ce730d6a81961ca551c9fdb2a,data/raw/fitzpatrick17k/data/051e5c8ce730d6a81961ca551c9fdb2a.jpg,5
8ad1a12672261156e2dd3ac462215d76,data/raw/fitzpatrick17k/data/8ad1a12672261156e2dd3ac462215d76.jpg,4
6f7e7323fc3b1d98c4e3bfe5273f6b92,data/raw/fitzpatrick17k/data/6f7e7323fc3b1d98c4e3bfe5273f6b92.jpg,4
8a891f4bfb77344d6ae4d236cb9ac4e5,data/raw/fitzpatrick17k/data/8a891f4bfb77344d6ae4d236cb9ac4e5.jpg,2
06aa37c1fb2ae9dadf126143b98a1640,data/raw/fitzpatrick17k/data/06aa37c1fb2ae9dadf126143b98a1640.jpg,5
4ff1ea06e98ef27ae93b27fbfa384a75,data/raw/fitzpatrick17k/data/4ff1ea06e98ef27ae93b27fbfa384a75.jpg,4
f7c6e5f7929dd5ca2b066698fd2e83ba,data/raw/fitzpatrick17k/data/f7c6e5f7929dd5ca2b066698fd2e83ba.jpg,2
7c015dcdbe6e3f3c2911a64342c135c6,data/raw/fitzpatrick17k/data/7c015dcdbe6e3f3c2911a64342c135c6.jpg,4
13aa2de8804ae601cd45c1c4cac9bc6f,data/raw/fitzpatrick17k/data/13aa2de8804ae601cd45c1c4cac9bc6f.jpg,4
339d21e178104dd6280e1ac6d354a695,data/raw/fitzpatrick17k/data/339d21e178104dd6280e1ac6d354a695.jpg,4
4ab4fa98f5acf7ec42886917128df401,data/raw/fitzpatrick17k/data/4ab4fa98f5acf7ec42886917128df401.jpg,6
8b1aac66f2434dc37c84ba01f2c08605,data/raw/fitzpatrick17k/data/8b1aac66f2434dc37c84ba01f2c08605.jpg,4
b30468853e0ad984dfbf53fceee5942f,data/raw/fitzpatrick17k/data/b30468853e0ad984dfbf53fceee5942f.jpg,3
c0a31afecc839c5fccf8c15ca9cee431,data/raw/fitzpatrick17k/data/c0a31afecc839c5fccf8c15ca9cee431.jpg,6
72bcd875e7a573b4139883059e69328d,data/raw/fitzpatrick17k/data/72bcd875e7a573b4139883059e69328d.jpg,-1
084d223d5918ec2ddae37f2f8061e23c,data/raw/fitzpatrick17k/data/084d223d5918ec2ddae37f2f8061e23c.jpg,5
e315766377e07b3a78c789f1ef6cf529,data/raw/fitzpatrick17k/data/e315766377e07b3a78c789f1ef6cf529.jpg,5
b4df499e2397da0425aecca6849c55f0,data/raw/fitzpatrick17k/data/b4df499e2397da0425aecca6849c55f0.jpg,-1
70766ed2b71ab0e8c5b387e172213eee,data/raw/fitzpatrick17k/data/70766ed2b71ab0e8c5b387e172213eee.jpg,5
8e4316c8cc5208eac7a1405d66cb401e,data/raw/fitzpatrick17k/data/8e4316c8cc5208eac7a1405d66cb401e.jpg,3
3b24865e842419e4efc3fb909c633077,data/raw/fitzpatrick17k/data/3b24865e842419e4efc3fb909c633077.jpg,6
aea33f41d93dbd5aa59131a57c001714,data/raw/fitzpatrick17k/data/aea33f41d93dbd5aa59131a57c001714.jpg,3
eab91c11e20398a89c454717dc5eaa94,data/raw/fitzpatrick17k/data/eab91c11e20398a89c454717dc5eaa94.jpg,5
8972c76e23d9f6d7c301532573961b99,data/raw/fitzpatrick17k/data/8972c76e23d9f6d7c301532573961b99.jpg,4
74bc180ce4619e21a8a8d425c4e86765,data/raw/fitzpatrick17k/data/74bc180ce4619e21a8a8d425c4e86765.jpg,3
6af0a95515b388eac5fa547ca8f8e931,data/raw/fitzpatrick17k/data/6af0a95515b388eac5fa547ca8f8e931.jpg,2
9aaef41b9332298c3e98b4ee33e39fb5,data/raw/fitzpatrick17k/data/9aaef41b9332298c3e98b4ee33e39fb5.jpg,6
d10dfbefc8303b80b1d7e8b661506da0,data/raw/fitzpatrick17k/data/d10dfbefc8303b80b1d7e8b661506da0.jpg,2
5492bcfe87eb32401225a4ababbdad52,data/raw/fitzpatrick17k/data/5492bcfe87eb32401225a4ababbdad52.jpg,5
1d8fcc49e4dda6868fcf76916fc14405,data/raw/fitzpatrick17k/data/1d8fcc49e4dda6868fcf76916fc14405.jpg,5
37de8e0406609884c1140bf660798d40,data/raw/fitzpatrick17k/data/37de8e0406609884c1140bf660798d40.jpg,5
ecd97fd36f39e9fd52f09f50c3dc59b5,data/raw/fitzpatrick17k/data/ecd97fd36f39e9fd52f09f50c3dc59b5.jpg,2
bd70e00d188e7ef98bf9e7edaaff752e,data/raw/fitzpatrick17k/data/bd70e00d188e7ef98bf9e7edaaff752e.jpg,3
ddb15beb69fc4276b74a948a00eed2c8,data/raw/fitzpatrick17k/data/ddb15beb69fc4276b74a948a00eed2c8.jpg,4
de2fe2ef59eae8ce0633efc84d0baef3,data/raw/fitzpatrick17k/data/de2fe2ef59eae8ce0633efc84d0baef3.jpg,3
0393b043e435e566657cf7d61879026c,data/raw/fitzpatrick17k/data/0393b043e435e566657cf7d61879026c.jpg,5
2e9a44d7373e97c682c937249b38d622,data/raw/fitzpatrick17k/data/2e9a44d7373e97c682c937249b38d622.jpg,3
8761091f0e6c7609bfc61713a34dd872,data/raw/fitzpatrick17k/data/8761091f0e6c7609bfc61713a34dd872.jpg,-1
889a8ed4164c01992b4981e78597a29a,data/raw/fitzpatrick17k/data/889a8ed4164c01992b4981e78597a29a.jpg,5
a646b94f0637b904e4becca57a2dc26f,data/raw/fitzpatrick17k/data/a646b94f0637b904e4becca57a2dc26f.jpg,2
b02895e0d729c9bcecaed2ee070cada9,data/raw/fitzpatrick17k/data/b02895e0d729c9bcecaed2ee070cada9.jpg,4
e668f37499adaead040d7d893e778cc7,data/raw/fitzpatrick17k/data/e668f37499adaead040d7d893e778cc7.jpg,4
a37ed02cd54e4b530341f7587d4e444a,data/raw/fitzpatrick17k/data/a37ed02cd54e4b530341f7587d4e444a.jpg,5
938528c2ba772fc83832aeca85171cf2,data/raw/fitzpatrick17k/data/938528c2ba772fc83832aeca85171cf2.jpg,1
442efb92b5f59923668f0d2e6316b9cb,data/raw/fitzpatrick17k/data/442efb92b5f59923668f0d2e6316b9cb.jpg,4
b3bc16cf6e0ce8cc7ee9a78ad45d0617,data/raw/fitzpatrick17k/data/b3bc16cf6e0ce8cc7ee9a78ad45d0617.jpg,2
1d78d91cb196cb45b40c615cbf7a94ff,data/raw/fitzpatrick17k/data/1d78d91cb196cb45b40c615cbf7a94ff.jpg,4
0e9e79e3884112fdccf813ffebd698ea,data/raw/fitzpatrick17k/data/0e9e79e3884112fdccf813ffebd698ea.jpg,3
6c83bef6f525b8734ecdbd9dd5f0e822,data/raw/fitzpatrick17k/data/6c83bef6f525b8734ecdbd9dd5f0e822.jpg,3
c6a917a5d74ab6def73579084f791251,data/raw/fitzpatrick17k/data/c6a917a5d74ab6def73579084f791251.jpg,3
fd1fa18a3033459631670d50b9b5bfc9,data/raw/fitzpatrick17k/data/fd1fa18a3033459631670d50b9b5bfc9.jpg,4
29a86d89608e63ccfc57b1e40c827ead,data/raw/fitzpatrick17k/data/29a86d89608e63ccfc57b1e40c827ead.jpg,4
943a5ffcd4da3122732edad290533470,data/raw/fitzpatrick17k/data/943a5ffcd4da3122732edad290533470.jpg,2
9aced25f0da2ff491cf0da3fee0a8f3c,data/raw/fitzpatrick17k/data/9aced25f0da2ff491cf0da3fee0a8f3c.jpg,2
47636cb8d1cea91cc2363e837a0a5954,data/raw/fitzpatrick17k/data/47636cb8d1cea91cc2363e837a0a5954.jpg,-1
fbd64d85fa7bfed3ba061ca05ff90f69,data/raw/fitzpatrick17k/data/fbd64d85fa7bfed3ba061ca05ff90f69.jpg,1
c1b162ecbd537349c8df036a7f7627dc,data/raw/fitzpatrick17k/data/c1b162ecbd537349c8df036a7f7627dc.jpg,3
74c640f21d94d59eec3ac37cebaedd2d,data/raw/fitzpatrick17k/data/74c640f21d94d59eec3ac37cebaedd2d.jpg,4
ecdcd89dda8fa5b30706532fb49f315c,data/raw/fitzpatrick17k/data/ecdcd89dda8fa5b30706532fb49f315c.jpg,3
f31a5c7d32b7b4479739bff76a23e8e4,data/raw/fitzpatrick17k/data/f31a5c7d32b7b4479739bff76a23e8e4.jpg,2
e28cbb701b1b2ff727c3c7aba01fe6ff,data/raw/fitzpatrick17k/data/e28cbb701b1b2ff727c3c7aba01fe6ff.jpg,1
1d56b7d688b6b276893107a6bdb93bba,data/raw/fitzpatrick17k/data/1d56b7d688b6b276893107a6bdb93bba.jpg,5
2311fe11163e4e84336c53eefb5e24d7,data/raw/fitzpatrick17k/data/2311fe11163e4e84336c53eefb5e24d7.jpg,4
b9ddf5dbd6257c786e13658934c56ac6,data/raw/fitzpatrick17k/data/b9ddf5dbd6257c786e13658934c56ac6.jpg,3
ae40c3cfca9899067d0e75465586cf97,data/raw/fitzpatrick17k/data/ae40c3cfca9899067d0e75465586cf97.jpg,3
3f014488acf61087ab152f8dc5fac8b3,data/raw/fitzpatrick17k/data/3f014488acf61087ab152f8dc5fac8b3.jpg,4
26ad865bcdc627dfa0dc2e419252a0ed,data/raw/fitzpatrick17k/data/26ad865bcdc627dfa0dc2e419252a0ed.jpg,2
96e320998184af49bfc791c8f1b0e174,data/raw/fitzpatrick17k/data/96e320998184af49bfc791c8f1b0e174.jpg,3
70758a12b61186edea167fbcf51c7598,data/raw/fitzpatrick17k/data/70758a12b61186edea167fbcf51c7598.jpg,2
60f79f88cbb999246aea835979d1c1db,data/raw/fitzpatrick17k/data/60f79f88cbb999246aea835979d1c1db.jpg,2
30559e9ff81800fcc4e2819d89988b88,data/raw/fitzpatrick17k/data/30559e9ff81800fcc4e2819d89988b88.jpg,4
65f7b7df48effe3ad7238404ca5318ce,data/raw/fitzpatrick17k/data/65f7b7df48effe3ad7238404ca5318ce.jpg,4
e894e98ec3b149d53b202e1cef0fa9ad,data/raw/fitzpatrick17k/data/e894e98ec3b149d53b202e1cef0fa9ad.jpg,1
4695bfda5557fa0aaae6e81d4492e0a5,data/raw/fitzpatrick17k/data/4695bfda5557fa0aaae6e81d4492e0a5.jpg,3
ff5fbdbf0d3221c3ba5628b50fc0aa41,data/raw/fitzpatrick17k/data/ff5fbdbf0d3221c3ba5628b50fc0aa41.jpg,3
b3d94ddf1388ed3894ad18ea3fefc880,data/raw/fitzpatrick17k/data/b3d94ddf1388ed3894ad18ea3fefc880.jpg,5
80602e43414e592443aee9e67fcca5c7,data/raw/fitzpatrick17k/data/80602e43414e592443aee9e67fcca5c7.jpg,4
db6590971625b0e98971f449b4ed6ee7,data/raw/fitzpatrick17k/data/db6590971625b0e98971f449b4ed6ee7.jpg,3
9ee17127331be5b1c1f2bdea846ee60f,data/raw/fitzpatrick17k/data/9ee17127331be5b1c1f2bdea846ee60f.jpg,2
30b3bb79b3d16b45ec095a91cd9c32ee,data/raw/fitzpatrick17k/data/30b3bb79b3d16b45ec095a91cd9c32ee.jpg,4
fb89d4fa5b5c3696f327d14ee041942c,data/raw/fitzpatrick17k/data/fb89d4fa5b5c3696f327d14ee041942c.jpg,3
